036KECS623014363937,192.168.246.3,Tu.224,10.76.67.140/32
041YVER623014015969,192.168.246.3,Tu.220,10.76.67.170/32
044ABER623012894917,192.168.246.3,Tunnel89/Lo67.123,10.76.45.195/32
044ABER623012894937,192.168.246.3,Tunnel89/Lo67.124,10.76.51.137/32
044ABER623013735182,192.168.246.3,Tu.194,10.76.67.174/32
044ABER623013735198,192.168.246.3,Tunnel89/Lo67.149,10.76.67.175/32
044BACT623013735214,192.168.246.3,Tu.375,10.76.61.177/32
044GATE623014027263,192.168.246.3,Tu.184,10.76.50.239/32
044LOND623012895017,192.168.246.3,Tunnel89/Lo67.141,10.76.67.191/32
044LOND623012895037,192.168.246.3,Tunnel142,10.72.147.100/32
044LOND623013735246,192.168.246.3,Tunnel89/Lo67.152,10.76.67.192/32
044LOND623013735262,192.168.246.3,Tunnel89/Lo67.153,10.94.7.17/32
044LOND623013783467,192.168.246.3,Tu.191,Not Available
044LOND623016713900,192.168.246.3,Lo60,Not Available
044SOUT623013735278,192.168.246.3,Tu.193,10.76.67.208/32
044SURR623012895077,192.168.246.3,Tunnel89/Lo67.174,10.76.53.14/32
044SURR623013735294,192.168.246.3,Tunnel89/Lo67.175,Not Available
044WEST623013211075,192.168.246.3,Tunnel89/Lo67.128,Not Available
044WOKI623012895097,192.168.246.3,Tunnel89/Lo67.172,Not Available
044WOKI623013735310,192.168.246.3,Tunnel89/Lo67.173,10.76.32.125/32
046GOTH623013783538,192.168.246.3,Tunnel89/Lo67.165,Not Available
048GDAN623013870455,192.168.246.3,Tu.218,10.76.67.212/32
049ROTT623015052168,192.168.246.3,Tu.255,10.76.68.38/32
049WOLF623013628198,192.168.246.3,Tu.183,Not Available
064AUCK623016034333,192.168.246.3,Tu.387,100.64.80.73/32
090BURS623015069500,192.168.246.3,Tu.260,10.76.68.104/32
091CHEN623013232530,192.168.235.9,TU105,10.118.1.212/32
091CHEN623029783335,192.168.235.9,Tunnel116,10.76.89.31/32
091CHEN623030181931,192.168.228.9,Tunnel10,10.76.5.194/32
234ABUJ623012724224,192.168.246.3,GigabitEthernet0/2.tunnel 42,10.76.38.254/32
255DARE623010660380,192.168.246.3,Tunnel110,10.72.140.1/32
351ALCO623013113381,192.168.246.3,Tu.198,10.76.69.146/32
421NITR623015051549,192.168.246.3,Tu345,10.76.69.150/32
880CHIT623017358552,192.168.250.16,1/1/10:145,10.246.130.222
880DHAK623018211215,192.168.235.9,Tu52,10.245.4.117/32
880DHAK623030123612,192.168.235.9,GigabitEthernet0/3.117,10.76.93.254/32
971DUBA623012907013,192.168.201.147,GigabitEthernet0/0/0.3611,10.85.139.212/32
027PAAR623030236652,192.168.201.148,ge-0/0/0.168,Not Available
091BANG623033362204,192.168.201.147,GigabitEthernet0/0/0.121,10.76.125.160/32
091BANG623033362224,192.168.201.148,GigabitEthernet0/0/0.117,10.76.108.176/32
091BANG623034472460,192.168.201.147,ge-0/0/0.105,10.76.129.72/32
091BANG623034516583,192.168.201.147,GigabitEthernet0/0/0.169,10.76.133.106/32
091BANG623034576235,192.168.201.147,GigabitEthernet0/0/0.109,10.76.120.237/32
091BANG623034587685,192.168.201.147,GigabitEthernet0/0/0.106,10.76.130.70/32
091BANG623034616488,192.168.201.147,GigabitEthernet0/0/0.108,10.76.130.222/32
091BANG623034857103,192.168.201.147,GigabitEthernet0/0/0.139,10.76.132.16/32
091BANG623034975235,192.168.201.147,GigabitEthernet0/0/0.176,10.76.135.151/32
091BANG623034989995,192.168.201.147,GigabitEthernet0/0/0.175,10.76.134.57/32
091BANG623035034899,192.168.201.147,GigabitEthernet0/0/0.114,Not Available
091BANG623035164545,192.168.201.147,GigabitEthernet0/0/0.177,10.76.136.213/32
091BENG623034436502,192.168.201.148,GigabitEthernet0/0/0.205,10.76.128.243/32
091BENG623034911709,192.168.201.147,GigabitEthernet0/0/0.172,10.76.134.8/32
091BHIW623033045916,192.168.201.148,ge-0/0/0.201,10.76.118.33/32
091CALI623034876665,192.168.201.147,GigabitEthernet0/0/0.167,10.76.132.126/32
091CHAN623034807377,192.168.201.147,GigabitEthernet0/0/0.3632,10.76.134.154/32
091CHEN623018706061,192.168.228.9,GigabitEthernet0/3.363,10.2.16.230/32
091CHEN623030650366,192.168.253.8,GigabitEthernet1/0/3.2247,10.2.16.184/32
091CHEN623030650406,192.168.228.9,GigabitEthernet0/3.330,10.2.16.175/32
091CHEN623032871476,192.168.201.147,GigabitEthernet0/0/0.107,10.76.128.57/32
091CHEN623032871770,192.168.201.147,ge-0/0/0.148,10.76.118.44/32
091CHEN623032871786,192.168.201.147,ge-0/0/0.146,10.76.118.40/32
091CHEN623032880234,192.168.201.147,ge-0/0/0.147,10.76.118.41/32
091CHEN623033035224,192.168.201.147,GigabitEthernet0/0/0.3632,10.76.117.109/32
091CHEN623033330893,192.168.201.147,GigabitEthernet0/0/0.273,10.76.119.182/32
091CHEN623034160034,192.168.201.147,GigabitEthernet0/0/0.160,10.76.127.13/32
091CHEN623034857151,192.168.201.147,GigabitEthernet0/0/0.141,10.76.132.17/32
091CHEN623034990011,192.168.201.147,GigabitEthernet0/0/0.174,10.76.134.55/32
091COIM623034968327,192.168.201.147,GigabitEthernet0/0/0.171,10.76.133.206/32
091CUDD623031953001,192.168.201.147,ge-0/0/0.132,10.76.114.159/32
091CUDD623032048721,192.168.201.147,ge-0/0/0.133,10.76.114.162/32
091DELH623029783303,192.168.228.9,Tunnel116,10.76.89.33/32
091DELH623017019189,192.168.228.9,GigabitEthernet0/3.123,Not Available
091DELH623031370044,192.168.201.147,ge-0/0/0.111,Not Available
091DOMB623035052132,192.168.201.148,GigabitEthernet0/0/0.237,10.76.135.52/32
091ERNA623030191280,192.168.228.9,GigabitEthernet0/3.140,10.2.16.13/32
091ERNA623030644355,192.168.228.9,GigabitEthernet0/3.172,10.2.16.41/32
091ERNA623030650582,192.168.253.8,GigabitEthernet1/0/3.2247,10.2.16.189/32
091GANG623017509201,192.168.228.9,GigabitEthernet0/3.604,10.76.74.174/32
091GOA0623030641718,192.168.228.9,GigabitEthernet0/3.222,10.2.16.92/32
091GURG623031410876,192.168.201.148,GigabitEthernet0/0/0.162,10.76.128.81/32
091GURG623032113955,192.168.201.148,ge-0/0/0.147,10.76.108.220/32
091GURG623033236661,192.168.201.148,GigabitEthernet0/0/0.209,10.76.119.215/32
091GURG623034237173,192.168.201.148,GigabitEthernet0/0/0.210,10.76.129.123/32
091GURG623034426015,192.168.201.148,GigabitEthernet0/0/0.107,10.76.129.118/32
091GURG623034807397,192.168.201.148,GigabitEthernet0/0/0.183,10.76.132.180/32
091HUBL623034160050,192.168.201.147,GigabitEthernet0/0/0.161,10.76.127.14/32
091HYDE623030581438,192.168.201.148,GigabitEthernet0/0/0.160,10.76.97.114/32
091HYDE623030650034,192.168.228.9,GigabitEthernet0/3.233,10.2.16.100/32
091HYDE623030650054,192.168.228.9,GigabitEthernet0/3.277,10.2.16.111/32
091HYDE623030650074,192.168.228.9,GigabitEthernet0/3.278,10.2.16.123/32
091HYDE623030650094,192.168.228.9,GigabitEthernet0/3.274,10.2.16.152/32
091HYDE623030650114,192.168.228.9,GigabitEthernet0/3.275,10.2.16.126/32
091HYDE623030650716,192.168.228.9,GigabitEthernet0/3.307,10.2.16.198/32
091HYDE623031519135,192.168.201.148,ge-0/0/0.113,10.76.106.188/32
091HYDE623031761276,192.168.201.148,ge-0/0/0.109,10.76.105.38/32
091HYDE623031761312,192.168.201.148,ge-0/0/0.108,10.205.39.21/32
091HYDE623032060470,192.168.201.147,ge-0/0/0.135,10.76.115.32/32
091HYDE623032835583,192.168.201.147,ge-0/0/0.140,10.76.116.95/32
091HYDE623033761391,192.168.201.147,GigabitEthernet0/0/0.159,10.76.126.85/32
091HYDE623034328718,192.168.201.147,GigabitEthernet0/0/0.113,10.76.131.103/32
091HYDE623034328754,192.168.201.147,GigabitEthernet0/0/0.3632,10.76.40.242/32
091HYDE623034779924,192.168.201.147,GigabitEthernet0/0/0.101,10.76.1.23/32
091HYDE623034857242,192.168.201.147,GigabitEthernet0/0/0.136,10.76.132.14/32
091INDO623030465313,192.168.228.9,GigabitEthernet0/3.139,10.2.16.10/32
091KOLH623031573152,192.168.201.147,ge-0/0/0.110,10.76.108.161/32
091KOLH623032639964,192.168.201.147,ge-0/0/0.124,10.76.111.76/32
091KOLK623032723587,192.168.201.147,ge-0/0/0.115,10.76.119.75/32
091KOLK623034426035,192.168.201.147,GigabitEthernet0/0/0.127,10.76.135.19/32
091MADU623014116349,192.168.235.9,Con0/1.106,10.76.54.44/32
091MANG623030641450,192.168.201.147,ge-0/0/0.145,10.76.96.178/32
091MANG623030650614,192.168.228.9,GigabitEthernet0/3.314,10.2.16.191/32
091MANG623033826387,192.168.201.147,GigabitEthernet0/0/0.158,Not Available
091MANI623030191264,192.168.228.9,GigabitEthernet0/3.128,10.2.16.7/32
091MUMB623016844484,192.168.228.9,GigabitEthernet0/3.104,10.118.1.213/32
091MUMB623018706045,192.168.228.9,Vlan119,10.6.198.151/32
091MUMB623029495091,192.168.228.9,GigabitEthernet0/3.366,10.76.99.18/32
091MUMB623029783367,192.168.228.9,Tunnel116,10.76.89.32/32
091MUMB623029955172,192.168.228.9,GigabitEthernet0/3.124,10.6.198.154/32
091MUMB623030293240,192.168.228.9,GigabitEthernet0/3.127,10.76.92.114/32
091MUMB623030553729,192.168.228.9,GigabitEthernet0/3.229,10.2.16.154/32
091MUMB623030641472,192.168.228.9,GigabitEthernet0/3.210,10.2.16.80/32
091MUMB623030643826,192.168.228.9,GigabitEthernet0/3.145,10.2.16.16/32
091MUMB623030643970,192.168.228.9,GigabitEthernet0/3.154,10.2.16.25/32
091MUMB623030644146,192.168.235.9,GigabitEthernet0/3.179,10.2.18.70/32
091MUMB623030644492,192.168.228.9,GigabitEthernet0/3.192,10.2.16.63/32
091MUMB623030644533,192.168.235.9,GigabitEthernet0/3.165,10.2.18.64/32
091MUMB623030647991,192.168.228.9,GigabitEthernet0/3.268,10.2.16.139/32
091MUMB623030648011,192.168.253.8,GigabitEthernet1/0/3.2247,10.2.16.133/32
091MUMB623030648031,192.168.228.9,GigabitEthernet0/3.265,10.2.16.141/32
091MUMB623030648219,192.168.228.9,GigabitEthernet0/3.241,10.2.16.113/32
091MUMB623030648251,192.168.228.9,GigabitEthernet0/3.262,10.2.16.131/32
091MUMB623030648315,192.168.228.9,GigabitEthernet0/3.234,10.2.16.103/32
091MUMB623030648395,192.168.228.9,GigabitEthernet0/3.252,10.2.16.125/32
091MUMB623030648427,192.168.228.9,GigabitEthernet0/3.282,10.2.16.153/32
091MUMB623030648443,192.168.228.9,GigabitEthernet0/3.279,10.2.16.143/32
091MUMB623030648539,192.168.228.9,GigabitEthernet0/3.242,10.2.16.112/32
091MUMB623030648619,192.168.228.9,GigabitEthernet0/3.266,10.2.16.136/32
091MUMB623030700560,192.168.228.9,GigabitEthernet0/3.223,10.2.16.93/32
091MUMB623030905465,192.168.228.9,GigabitEthernet0/3.345,10.2.16.217/32
091MUMB623031410033,192.168.228.116,4/1/4:251,10.76.102.184/32
091MUMB623031412237,192.168.228.9,GigabitEthernet0/3.380,10.76.134.76/32
091MUMB623031427379,192.168.235.9,GigabitEthernet0/3.159,10.2.18.54/32
091MUMB623031497002,192.168.228.9,GigabitEthernet0/3.377,10.76.103.90/32
091MUMB623031516128,192.168.201.148,ge-0/0/0.166,10.76.109.232/32
091MUMB623031516208,192.168.201.148,ge-0/0/0.165,10.76.109.223/32
091MUMB623031573112,192.168.201.148,ge-0/0/0.133,10.76.108.92/32
091MUMB623031730567,192.168.201.148,GigabitEthernet0/0/0.150,Not Available
091MUMB623031787901,192.168.201.148,ge-0/0/0.170,10.76.109.241/32
091MUMB623031787997,192.168.201.148,ge-0/0/0.167,10.76.109.234/32
091MUMB623031817153,192.168.201.148,ge-0/0/0.136,10.76.108.146/32
091MUMB623032027265,192.168.201.148,Gi0/0/0.114,10.76.106.201/32
091MUMB623032051542,192.168.201.148,ge-0/0/0.182,Not Available
091MUMB623032839760,192.168.201.148,ge-0/0/0.187,10.76.114.51/32
091MUMB623032871496,192.168.201.148,GigabitEthernet0/0/0.194,10.76.116.37/32
091MUMB623032871738,192.168.201.148,ge-0/0/0.202,10.76.118.42/32
091MUMB623032871754,192.168.201.148,ge-0/0/0.203,10.76.89.197/32
091MUMB623032880218,192.168.201.148,ge-0/0/0.204,10.76.118.57/32
091MUMB623033157570,192.168.201.148,GigabitEthernet0/0/0.228,10.76.125.43/32
091MUMB623033157590,192.168.201.148,GigabitEthernet0/0/0.215,10.76.120.64/32
091MUMB623033157610,192.168.201.148,GigabitEthernet0/0/0.214,10.76.124.54/32
091MUMB623033330877,192.168.201.148,GigabitEthernet0/0/0.273,10.76.119.126/32
091MUMB623033341548,192.168.201.148,GigabitEthernet0/0/0.216,10.76.121.220/32
091MUMB623033433666,192.168.201.148,GigabitEthernet0/0/0.232,10.76.125.165/32
091MUMB623034237213,192.168.201.148,GigabitEthernet0/0/0.138,10.76.128.123/32
091MUMB623034328609,192.168.201.148,GigabitEthernet0/0/0.173,10.76.128.203/32
091MUMB623034328645,192.168.201.148,GigabitEthernet0/0/0.191,10.76.128.204/32
091MUMB623034365343,192.168.201.148,GigabitEthernet0/0/0.236,10.76.135.48/32
091MUMB623034637374,192.168.201.148,GigabitEthernet0/0/0.153,10.76.4.253/32
091MUMB623034857023,192.168.201.147,GigabitEthernet0/0/0.138,10.76.132.15/32
091MUMB623034857039,192.168.201.148,GigabitEthernet0/0/0.139,10.76.132.31/32
091MUMB623034857055,192.168.201.148,GigabitEthernet0/0/0.206,10.76.132.18/32
091MUMB623034857087,192.168.201.147,GigabitEthernet0/0/0.165,10.76.132.33/32
091MUMB623034857135,192.168.201.147,GigabitEthernet0/0/0.164,10.76.132.32/32
091MUMB623034911669,192.168.201.148,GigabitEthernet0/0/0.234,10.76.133.134/32
091MUZA623034425995,192.168.201.148,GigabitEthernet0/0/0.178,10.76.132.24/32
091MYSO623030650662,192.168.228.9,GigabitEthernet0/3.308,10.2.16.196/32
091NAGP623032839696,192.168.201.148,ge-0/0/0.186,10.76.113.223/32
091NAVI623032377212,192.168.201.148,ge-0/0/0.175,10.76.112.151/32
091NAVI623033696937,192.168.201.148,GigabitEthernet0/0/0.229,10.76.22.85/32
091NEWD623029495548,192.168.228.9,GigabitEthernet0/3.121,Not Available
091NEWD623031550215,192.168.201.148,ge-0/0/0.148,10.76.108.252/32
091NEWD623031977574,192.168.201.148,ge-0/0/0.129,10.76.106.148/32
091NEWD623034911689,192.168.201.148,GigabitEthernet0/0/0.185,10.76.133.44/32
091NOID623034328537,192.168.201.148,GigabitEthernet0/0/0.103,10.76.130.201/32
091NOID623035102453,192.168.201.148,GigabitEthernet0/0/0.238,Not Available
091NOID623035102469,192.168.201.147,GigabitEthernet0/0/0.129,Not Available
091PUNE623018132271,192.168.228.9,GigabitEthernet0/3.107,10.205.38.114/32
091PUNE623030651148,192.168.228.9,GigabitEthernet0/3.297,10.2.16.170/32
091PUNE623030651180,192.168.228.9,GigabitEthernet0/3.317,10.2.16.187/32
091PUNE623030651260,192.168.228.9,GigabitEthernet0/3.301,10.2.16.204/32
091PUNE623030803410,192.168.228.9,GigabitEthernet0/3.364,10.76.98.173/32
091PUNE623031209414,192.168.228.9,GigabitEthernet0/3.362,10.76.98.121/32
091PUNE623031480710,192.168.201.148,ge-0/0/0.118,10.76.106.72/32
091PUNE623031573132,192.168.201.148,ge-0/0/0.146,10.76.63.181/32
091PUNE623032496082,192.168.201.148,GigabitEthernet0/0/0.217,10.76.121.222/32
091PUNE623033439010,192.168.201.148,GigabitEthernet0/0/0.226,10.76.123.222/32
091PUNE623033556778,192.168.201.148,GigabitEthernet0/0/0.220,Not Available
091PUNE623033753293,192.168.201.147,GigabitEthernet0/0/0.112,Not Available
091PUNE623034328573,192.168.201.148,GigabitEthernet0/0/0.3618,10.76.128.33/32
091PUNE623034516599,192.168.201.148,GigabitEthernet0/0/0.233,10.76.133.108/32
091PUNE623034714107,192.168.201.148,GigabitEthernet0/0/0.174,10.76.131.46/32
091PUNE623035103186,192.168.201.148,GigabitEthernet0/0/0.154,10.76.135.221/32
091PUNE623035108054,192.168.201.148,GigabitEthernet0/0/0.152,10.76.135.219/32
091RAIP623031534843,192.168.228.9,GigabitEthernet0/3.378,10.2.16.235/32
091RAJK623030905449,192.168.228.9,GigabitEthernet0/3.343,10.2.16.215/32
091RANG623030650134,192.168.201.148,GigabitEthernet0/0/0.208,10.76.119.204/32
091SECU623030905417,192.168.228.9,GigabitEthernet0/3.341,10.2.16.213/32
091SILV623031571466,192.168.201.148,GigabitEthernet0/0/0.227,10.76.104.224/32
091SONE623033035260,192.168.201.148,ge-0/0/0.199,10.76.117.89/32
091SURA623032444850,192.168.201.148,ge-0/0/0.161,10.76.109.104/32
091SURA623032444926,192.168.201.148,ge-0/0/0.159,10.76.109.99/32
091SURA623032738558,192.168.201.148,ge-0/0/0.180,10.76.112.214/32
091SURA623033362140,192.168.201.148,GigabitEthernet0/0/0.219,10.76.121.247/32
091SURA623033707840,192.168.201.148,GigabitEthernet0/0/0.230,10.76.122.219/32
091SURA623034617084,192.168.201.148,GigabitEthernet0/0/0.106,10.76.24.182/32
091THAN623033050144,192.168.201.148,ge-0/0/0.105,10.76.118.229/32
091THRI623034990027,192.168.201.147,GigabitEthernet0/0/0.173,10.76.134.54/32
091TIRU623033105893,192.168.201.148,ge-0/0/0.197,10.76.116.225/32
091VADO623030330451,192.168.228.9,GigabitEthernet0/3.133,10.2.16.3/32
091VADO623030650470,192.168.228.9,GigabitEthernet0/3.333,10.2.16.172/32
091VADO623032368137,192.168.201.148,ge-0/0/0.190,10.76.114.172/32
091VAPI623030650550,192.168.228.9,GigabitEthernet0/3.298,10.2.16.171/32
091VAPI623034928916,192.168.201.147,GigabitEthernet0/0/0.168,10.76.133.48/32
091VISA623018706093,192.168.228.9,GigabitEthernet0/3.114,10.76.92.160/32
091ZIRA623034807357,192.168.201.148,GigabitEthernet0/0/0.140,10.76.134.138/32
031AMST623016398674,192.168.246.3,Tu.273,10.76.66.10/32
032ANTW623013783689,192.168.246.3,Tunnel89/Lo67.167,Not Available
033AUBE623012285402,192.168.246.3,Tunnel89/Lo67.119,10.76.45.16/32
033LYON623013845328,192.168.246.3,Tu.199,10.76.54.113/32
033PARI623013579319,192.168.246.3,Tu.200,10.76.54.125/32
034REUS623010980709,192.168.246.3,Tunnel95,10.223.17.86/32
091AHME623030207254,192.168.228.9,GigabitEthernet0/3.130,10.2.16.12/32
091AHME623030650238,192.168.228.9,GigabitEthernet0/3.245,10.2.16.134/32
091AHME623031605648,192.168.228.9,GigabitEthernet0/3.385,10.2.16.240/32
091AHME623032738578,192.168.201.148,ge-0/0/0.181,10.76.113.117/32
091AHME623033317917,192.168.201.148,GigabitEthernet0/0/0.212,10.76.120.11/32
091AHME623034857071,192.168.201.147,GigabitEthernet0/0/0.166,10.76.132.2/32
091ANAN623030905289,192.168.228.9,GigabitEthernet0/3.336,10.2.16.208/32
091BANG623018121688,192.168.201.147,GigabitEthernet0/0/0.156,10.76.84.72/32
091BANG623029494995,192.168.235.9,GigabitEthernet0/3.207,10.76.107.216/32
091BANG623030649602,192.168.228.9,GigabitEthernet0/3.256,10.2.16.138/32
091BANG623030649778,192.168.228.9,GigabitEthernet0/3.230,10.2.16.96/32
091BANG623030649842,192.168.201.148,GigabitEthernet0/0/0.110,10.76.123.126/32
091BANG623030649858,192.168.228.9,GigabitEthernet0/3.273,10.2.16.109/32
091BANG623030649938,192.168.228.9,GigabitEthernet0/3.272,10.2.16.119/32
091BANG623030905401,192.168.253.8,GigabitEthernet1/0/3.2247,10.2.16.212/32
091BANG623031519115,192.168.235.9,GigabitEthernet0/3.187,10.76.104.55/32
091MUMB623034541633,192.168.199.196,ae11.222,10.76.111.252/32
033PARI623030629289,192.168.246.67,GigabitEthernet2/2/2.250,Not Available
