001ASHB623030629241,192.168.201.187,1/2/39:250,80.231.8.178/32
001ASHB623030711244,192.168.194.135,3/2/11.551,Not Available
001BASK623029268388,192.168.248.78,1/1/3:525,Not Available
001BIGF623029380759,192.168.248.78,1/1/3:525,Not Available
001BOST623032862917,192.168.248.78,1/1/3:565,10.245.12.8
001BRAN623017180288,192.168.248.78,1/1/3:3644,10.118.1.147/32
001BRID623030870944,192.168.251.17,10/1/9:110,Not Available
001BRUN623014597872,192.168.248.78,1/1/3:3644,10.118.1.149/32
001ALLE623016035401,192.168.248.78,1/1/3:515,100.64.80.77/32
001ANAH623032350568,192.168.248.78,1/1/3:517,Not Available
001BUFO623018480306,192.168.248.78,1/1/3:126,10.76.82.80/32
001CALI623012897133,192.168.248.78,1/1/3:3644,10.118.1.139/32
001CHAM623033112811,192.168.248.78,1/1/3:3644,10.118.26.28
001CHAT623033512958,192.168.248.78,1/1/3:3652,Not Available
001CHES623034320856,192.168.248.78,1/1/3:3654,Not Available
001CHIC623030629257,192.168.200.17,5/1/6:250,Not Available
001CHIC623030711260,192.168.200.17,5/1/6:550,Not Available
001CHIC623030851195,192.168.200.17,5/1/6:551,Not Available
001CHIC623031123604,192.168.248.78,1/1/3:430,Not Available
001CHIC623031244308,192.168.200.17,5/1/6:251,Not Available
001CHIC623032100445,192.168.248.78,1/1/3:321,Not Available
001CHIC623032184387,192.168.248.78,1/1/3:322,100.76.90.14
001CHIL623030216086,192.168.248.78,1/1/3:525,Not Available
001CHIL623030220311,192.168.248.78,1/1/3:525,10.122.14.161
001CLAR623018724825,192.168.248.78,1/1/3:517,Not Available
001COMM623031337771,192.168.248.78,1/1/3:3644,10.118.26.25
001CORV623017358157,192.168.248.78,1/1/3:116,10.76.80.38/32
001DORA623033556837,192.168.248.78,1/1/3:565,Not Available
001DUNC623033522601,192.168.248.78,1/1/3:129,Not Available
001DUNC623033544307,192.168.248.78,1/1/3:129,Not Available
001ELKG623018141810,192.168.248.78,1/1/3:3644,10.118.3.28
001ELYR623012626153,192.168.248.78,1/1/3:3644,10.118.1.141/32
001FORT623029381017,192.168.248.78,1/1/3:525,Not Available
001FORT623030305446,192.168.248.78,1/1/3:553,Not Available
001FORT623034679977,192.168.248.78,1/1/3:544,10.81.202.155/32
001FREM623017300800,192.168.248.78,1/1/3:3638,10.223.17.41/32
001GERM623012897083,192.168.248.78,1/1/3:3644,10.76.66.250/32
001GOOS623012626088,192.168.248.78,1/1/3:3644,10.76.66.251/32
001GOOS623032609260,192.168.248.78,1/1/3:3644,10.118.3.20
001GRAN623029382224,192.168.248.78,1/1/3:525,Not Available
001GRIF623029398716,192.168.248.78,1/1/3:525,10.122.14.64/32
001GRIF623029398737,192.168.248.78,1/1/3:525,10.122.14.144
001GUYM623033067491,192.168.248.78,1/1/3:3644,10.118.26.27
001HASB623033310341,192.168.248.78,1/1/3:3644,10.118.26.30
001HELE623017358627,192.168.248.78,1/1/3:115,10.76.79.253/32
001HODG623029323459,192.168.248.78,1/1/3:540,Not Available
001HOLL623029268035,192.168.248.78,1/1/3:525,10.122.14.150
001HONE623034298211,192.168.248.78,1/1/3:3644,10.118.26.31
001HOUG623029381038,192.168.248.78,1/1/3:525,10.122.14.135
001HOUS623012894742,192.168.248.78,1/1/3:3611,10.76.66.252/32
001HOUS623013735230,192.168.248.78,1/1/3:3611,10.76.66.254/32
001HOUS623013783605,192.168.248.78,1/1/3:679,Not Available
001HOUS623030851047,192.168.251.17,10/1/9:123,Not Available
001HOUS623032184437,192.168.248.78,1/1/3:322,100.76.90.20
001HOUS623033133792,192.168.248.78,1/1/3:3611,Not Available
001IRVI623016035417,192.168.248.78,1/1/3:515,100.64.80.75/32
001JACK623014597806,192.168.248.78,1/1/3:3644,10.118.1.148/32
001LASV623017348245,192.168.248.78,1/1/3:517,10.246.130.242
001LEWI623029188835,192.168.248.78,1/1/3:525,Not Available
001LISL623029188789,192.168.248.78,1/1/3:525,10.122.14.66/32
001LIVE623033754002,192.168.248.78,1/1/3:3652,Not Available
001LONG623033002498,192.168.248.78,1/1/3:519,10.94.34.236
001META623017358652,192.168.248.78,1/1/3:517,10.246.131.1
001MIAM623030851072,192.168.248.78,1/1/3:570,10.76.125.60/32
001MIAM623031319573,192.168.248.78,1/1/3:320,10.245.12.2
001MIAM623032944106,192.168.248.78,1/1/3:565,10.245.12.9
001MIAM623033443534,192.168.248.78,1/1/3:585,Not Available
001MIDD623017348954,192.168.248.78,1/1/3:121,10.246.130.195
001MIDL623034941589,192.168.248.78,1/1/3:3644,Not Available
001MISS623029380852,192.168.248.78,1/1/3:525,10.122.14.139
001MOND623029323504,192.168.248.78,1/1/3:540,10.118.17.239/32
001MONT623032011468,192.168.248.78,1/1/3:565,Not Available
001MOUN623033754018,192.168.248.78,1/1/3:1247,Not Available
001NEWJ623012626218,192.168.248.78,1/1/3:3644,10.118.1.144/32
001NEWJ623012897033,192.168.248.78,1/1/3:3644,10.76.67.6/32
001NEWY623012626336,192.168.248.78,1/1/3:3644,Not Available
001NEWY623016713643,192.168.248.78,1/1/3:521,Not Available
001NEWY623016713703,192.168.248.78,1/1/3:520,Not Available
001NEWY623018113518,192.168.248.79,Serial2/1/0.202,Not Available
001NEWY623018661166,192.168.248.78,1/1/3:403,Not Available
001NEWY623031730551,192.168.248.78,1/1/3:3650,Not Available
001NEWY623032378499,192.168.201.187,1/2/39.251,Not Available
001NEWY623033326964,192.168.248.78,1/1/3:559,Not Available
001NEWY623033329950,192.168.248.78,1/1/3:568,Not Available
001NEWY623033443579,192.168.248.78,1/1/3:530,100.92.16.181/32
001NEWY623033551761,192.168.248.78,1/1/3:578,Not Available
001NEWY623033708998,192.168.248.78,1/1/3:3651,Not Available
001NEWY623034442378,192.168.248.78,1/1/3:555,Not Available
001NEWY623034515183,192.168.248.78,1/1/3:530,Not Available
001NORT623016751061,192.168.248.78,1/1/3:125,10.76.81.167/32
001OAKB623017481364,192.168.248.78,1/1/3:122,10.246.130.200
001OAKL623017358182,192.168.248.78,1/1/3:111,10.246.130.185
001PARK623031986801,192.168.248.78,1/1/3:525,Not Available
001PHOE623017348170,192.168.248.78,1/1/3:517,10.246.130.30
001PORT623034852000,192.168.248.78,1/1/3:517,10.246.130.159
001ROCH623018038662,192.168.248.78,1/1/3:517,10.246.131.5
001SADD623033799761,192.168.248.78,1/1/3:515,Not Available
001SANT623016713763,192.168.251.17,3/1/2:521,Not Available
001SANT623016713824,192.168.251.17,3/1/2:520,Not Available
001SANT623018113357,192.168.248.78,1/1/3:510,10.76.60.107/32
001SANT623018117671,192.168.248.78,1/1/3:105,Not Available
001SANT623018212814,192.168.248.78,1/1/3:110,Not Available
001SANT623032211514,192.168.251.17,10/1/9:123,Not Available
001SANT623033326980,192.168.248.78,1/1/3:559,Not Available
001SANT623033329966,192.168.248.78,1/1/3:568,Not Available
001SANT623034515212,192.168.251.17,1/1/3:530,Not Available
001SEAT623029207615,192.168.248.78,1/1/3:525,10.122.14.152
001SILV623029323409,192.168.248.78,1/1/3:540,10.118.17.207/32
001SOUT623013088999,192.168.248.78,1/1/3:3609,10.76.29.224/32
001STBL623029323083,192.168.248.78,1/1/3:540,10.118.18.175/32
001SUMM623011044960,192.168.248.78,1/1/3:525,10.76.65.6/32
001SUMM623011044985,192.168.248.78,1/1/3:525,10.122.0.67/32
001SUMM623011477452,192.168.248.78,1/1/3:525,10.122.0.66/32
001SUNR623033916322,192.168.248.78,1/1/3:565,10.245.12.7
001TETE623012436042,192.168.248.78,1/1/3:3644,14.141.193.186/32
001THEW623032184462,192.168.248.78,1/1/3:322,100.76.88.49/32
001VIRG623016726881,192.168.248.78,1/1/3:519,10.94.34.47/32
001WATE623029380947,192.168.248.78,1/1/3:525,Not Available
007AKTA623017348340,192.168.246.170,10/1/1:517,10.246.130.238
007ASTA623017348195,192.168.246.170,10/1/1:156,10.246.130.234
007ATYR623017348220,192.168.246.170,10/1/1:695,10.246.130.184
007MOSC623012625353,192.168.246.170,10/1/1:235,10.118.1.191/32
007MOSC623012625398,192.168.250.16,1/1/10:3639,10.118.1.192/32
007MOSC623016726741,192.168.246.170,10/1/1:172,10.76.89.12/32
007MOSC623030850997,192.168.246.170,044X/SRFD/VSN/GBR-044X/SRFD/VSN/GBR IPBxxx_Port_A,Not Available
007MOSC623031191562,192.168.246.170,10/1/1:191,Not Available
007MOSC623031191578,192.168.246.170,10/1/1:192,Not Available
007MOSC623031951213,192.168.246.170,10/1/1:353,10.245.9.56
007MOSC623033384730,192.168.246.170,10/1/1:3607,Not Available
007SAIN623018336545,192.168.246.170,10/1/1:727,10.246.130.203
007SHEB623029323234,192.168.246.170,10/1/1:184,10.118.19.239/32
020ALEX623017167601,192.168.250.16,1/1/10:119,10.76.75.136/32
020CAIR623015166800,192.168.246.170,10/1/1:3607,10.245.4.20/23
020CAIR623031076465,192.168.246.170,10/1/1:353,10.245.9.60
020CAIR623031330142,192.168.246.170,10/1/1:776,Not Available
020CAIR623031484423,192.168.246.170,10/1/1:517,10.246.131.32
020CAIR623031805942,192.168.246.170,10/1/1:103,10.246.130.221
020COUR623029393527,192.168.246.170,10/1/1:185,10.122.13.17
020COUR623029625412,192.168.246.170,10/1/1:206,Not Available
020GIZA623033754066,192.168.246.170,10/1/1:541,Not Available
020OCTO623016353987,192.168.246.170,10/1/1:3607,10.76.71.141/32
020PORT623031445601,192.168.201.147,GigabitEthernet0/0/0.3605,10.76.100.166/32
020SUEZ623017358602,192.168.246.170,10/1/1:682,10.246.130.94
027ALBE623029453393,192.168.246.170,10/1/1:107,Not Available
027BLOE623034359073,192.168.194.177,5/1/2:145,Not Available
027CAPE623017348829,192.168.246.170,10/1/1:155,Not Available
027CAPE623030957303,192.168.246.170,10/1/1:214,10.245.9.40
027CHLO623031740375,192.168.246.170,10/1/1:776,Not Available
027CHLO623032750997,192.168.246.170,10/1/1:776,Not Available
027DURB623017358577,192.168.246.170,10/1/1:295,10.246.131.2
027DURB623034359184,192.168.194.177,5/1/2:104,10.76.134.181/32
027GAUT623033446236,192.168.254.39,5/1/6:573,100.92.16.179/32
027ISAN623012625506,192.168.246.170,10/1/1:3607,10.118.1.200/32
027JOHA623015162454,192.168.246.170,10/1/1:385,10.245.4.30/23
027JOHA623030942923,192.168.246.170,10/1/1:776,Not Available
027JOHA623030942948,192.168.246.170,10/1/1:3607,10.245.9.46
027JOHA623030943000,192.168.246.170,10/1/1:3607,Not Available
027JOHA623034367247,192.168.194.177,5/1/2:111,Not Available
027KRUG623031729327,192.168.246.170,10/1/1:776,Not Available
027PAAR623030236632,192.168.194.178,lag-1:353,10.118.21.14/32
027RAND623031729352,192.168.246.170,10/1/1:776,Not Available
027RICH623031729377,192.168.246.170,10/1/1:776,Not Available
027ROSS623033532107,192.168.194.177,5/1/2:234,Not Available
027SASO623031413447,192.168.246.170,10/1/1:776,Not Available
030ATHE623031119243,192.168.246.170,10/1/1:353,10.245.9.33
030ATHE623031330117,192.168.246.170,10/1/1:776,Not Available
031AMER623034845225,192.168.246.170,10/1/1:358,Not Available
031AMST623016398690,192.168.246.3,Tu.273,10.76.66.11/32
031DRAC623017167545,192.168.246.170,10/1/1:146,10.246.130.25
031ROTT623015013292,192.168.246.170,10/1/1:3618,10.122.6.208/32
031ROTT623029169328,192.168.246.170,10/1/1:365,10.81.88.216/32
031ROTT623029557721,192.168.246.170,10/1/1:358,100.81.18.207/32
031ROTT623029744908,192.168.246.170,10/1/1:358,100.81.16.79
031UTRE623034315670,192.168.246.170,10/1/1:518,Not Available
032ANTW623014003267,192.168.246.170,10/1/1:3618,10.122.6.28/32
032LOUV623031677904,192.168.246.170,10/1/1:776,Not Available
032MECH623033446261,192.168.254.39,5/1/6:573,100.92.16.174/32
032OLEN623029559124,192.168.246.170,10/1/1:358,100.81.18.140/32
032OLEN623032662519,192.168.246.170,10/1/1:358,Not Available
032ZWIJ623029305312,192.168.246.170,10/1/1:3618,Not Available
033ANTR623029323259,192.168.246.170,10/1/1:3607,10.118.19.111/32
033BERR623029323334,192.168.246.170,10/1/1:3607,10.118.20.111/32
033BEZI623034112174,192.168.246.170,10/1/1:3618,Not Available
033CENO623033335704,192.168.246.170,10/1/1:3618,Not Available
033CERG623031251105,192.168.246.170,10/1/1:776,Not Available
033CHAC623029323359,192.168.246.170,10/1/1:3607,10.118.19.143/32
033CHOI623031187283,192.168.246.170,10/1/1:574,Not Available
033CLAM623015750042,192.168.246.170,10/1/1:358,10.76.59.193/32
033CLIC623012628891,192.168.246.170,10/1/1:3607,10.118.1.187/32
033COSS623029323284,192.168.246.170,10/1/1:3607,10.118.19.175/32
033COUD623034112153,192.168.246.170,10/1/1:3618,Not Available
033ECKB623034112059,192.168.246.170,10/1/1:3618,Not Available
033ELAN623030685299,192.168.246.170,10/1/1:3618,Not Available
033ELVE623029323042,192.168.246.170,10/1/1:3607,Not Available
033ILLK623034112090,192.168.246.170,10/1/1:3618,Not Available
033LANG623029323545,192.168.246.170,10/1/1:3607,Not Available
033LECA623018599998,192.168.246.171,2/2/3:657,10.80.135.227/32
033LECA623018604468,192.168.246.170,10/1/1:3667,Not Available
033LEHA623017358257,192.168.246.170,10/1/1:678,10.246.130.77
033LEPL623030481214,192.168.246.170,10/1/1:358,Not Available
033LESQ623034112111,192.168.246.170,10/1/1:3618,Not Available
033LETR623032617497,192.168.246.170,10/1/1:776,Not Available
033LISS623032666588,192.168.246.170,10/1/1:358,100.81.16.59
033MAGN623018403831,192.168.246.170,10/1/1:292,Not Available
033MOUG623029559359,192.168.246.170,10/1/1:358,100.81.18.217/32
033NANT623010021979,192.168.246.170,10/1/1:3660,10.223.17.10/32
033NEVE623034112195,192.168.246.170,10/1/1:3618,Not Available
033ORME623034112216,192.168.246.170,10/1/1:3618,Not Available
033PARA623015162404,192.168.246.170,10/1/1:393,10.76.67.46/32
033PARA623030521533,192.168.246.170,10/1/1:661,10.245.9.19
033PARI623016638179,192.168.246.170,10/1/1:100,10.76.71.46/32
033PARI623018319592,192.168.246.170,10/1/1:725,10.76.81.3/32
033PARI623031219093,192.168.246.170,10/1/1:641,10.76.101.238/32
033PARI623031837956,192.168.194.34,2/2/17:587,Not Available
033PARI623032100429,192.168.246.170,10/1/1:777,Not Available
033PARI623033442764,192.168.246.170,10/1/1:573,Not Available
033PORT623031808282,192.168.246.170,10/1/1:776,Not Available
033RENN623029322988,192.168.246.170,10/1/1:509,Not Available
033RENN623029323026,192.168.246.170,10/1/1:509,Not Available
033ROMO623031187308,192.168.246.170,10/1/1:776,Not Available
033ROMO623031192630,192.168.246.170,10/1/1:776,Not Available
033SAIN623029323004,192.168.246.170,10/1/1:3607,Not Available
033SAIN623031685092,192.168.246.170,10/1/1:776,Not Available
033SERR623031069371,192.168.246.170,10/1/1:3618,Not Available
033VILL623029323309,192.168.246.170,10/1/1:3607,10.118.16.111/32
033WAMB623034112132,192.168.246.170,10/1/1:3618,Not Available
034ALGE623030443091,192.168.246.170,10/1/1:517,10.246.131.18
034ALME623031163038,192.168.246.170,10/1/1:3618,10.122.13.61
034ALOV623029556739,192.168.246.170,10/1/1:358,100.81.18.229/32
034BARC623015005777,192.168.246.170,10/1/1:3618,10.122.6.175/32
034BARC623029212336,192.168.194.239,1/1/6:961,10.122.14.63/32
034BARC623029559919,192.168.246.170,10/1/1:358,100.81.18.182/32
034BARC623029707086,192.168.246.170,10/1/1:3618,Not Available
034BURG623031162985,192.168.246.170,10/1/1:3618,10.122.13.164
034CAUD623029556823,192.168.246.170,10/1/1:358,100.81.18.198/32
034COSL623031162751,192.168.246.170,10/1/1:3618,10.122.13.133
034GRAN623029557493,192.168.246.170,10/1/1:358,100.81.18.209/32
034GRAN623034530818,192.168.246.170,10/1/1:3618,Not Available
034LACA623031639224,192.168.246.170,10/1/1:776,Not Available
034LEIO623017349104,192.168.246.170,10/1/1:142,10.246.130.15
034LLEI623029323058,192.168.246.170,10/1/1:3607,10.118.18.79/32
034MADR623016726955,192.168.246.170,10/1/1:715,10.94.34.9/32
034MADR623016833249,192.168.246.170,10/1/1:118,10.80.241.198
034MADR623029556865,192.168.246.170,10/1/1:358,100.81.18.196/32
034MADR623032662494,192.168.246.170,10/1/1:358,Not Available
034MADR623032662615,192.168.246.170,10/1/1:358,Not Available
034MADR623033269966,192.168.246.170,10/1/1:353,10.245.9.39
034MADR623033446863,192.168.246.170,10/1/1:573,100.92.16.173/32
034MALA623031774908,192.168.246.170,10/1/1:3618,10.122.13.139
034MARR623031162840,192.168.246.170,10/1/1:3618,10.122.13.54
034OSUN623029556902,192.168.246.170,10/1/1:358,100.81.18.211/32
034PALL623031162776,192.168.246.170,10/1/1:3618,10.122.13.147
034PARE623012649210,192.168.246.170,10/1/1:192,10.76.67.111/32
034PINT623015005827,192.168.246.170,10/1/1:3618,10.76.67.113/32
034RIBA623031162927,192.168.246.170,10/1/1:3618,10.122.13.56
034SANT623031638199,192.168.246.170,10/1/1:776,Not Available
034SANT623031674349,192.168.246.170,10/1/1:776,Not Available
034SEVI623015013039,192.168.246.170,10/1/1:3618,10.122.6.180/32
034SEVI623031162865,192.168.246.170,10/1/1:3618,10.122.13.55
034TENE623029556944,192.168.246.170,10/1/1:358,100.81.18.180/32
034TOLE623031293310,192.168.246.170,10/1/1:776,Not Available
034VALE623034846519,192.168.246.170,10/1/1:673,10.246.130.51
034VALL623031163013,192.168.246.170,10/1/1:3618,10.76.67.135/32
034ZARA623017348904,192.168.246.170,10/1/1:517,10.246.130.91
036BELE623029323209,192.168.246.170,10/1/1:3607,10.118.19.207/32
036BUDA623017358057,192.168.246.170,10/1/1:681,10.246.130.65
036BUDA623018685653,192.168.246.170,10/1/1:731,Not Available
036BUDA623031012772,192.168.246.170,10/1/1:353,10.245.4.242/32
036BUDA623032011106,192.168.246.170,10/1/1:353,10.245.9.41
036BUDA623034961619,192.168.246.170,10/1/1:3683,Not Available
036BUDA623034961635,192.168.246.170,10/1/1:587,Not Available
036DUNA623015006144,192.168.246.170,044X/SRFD/VSN/GBR-044X/SRFD/VSN/GBR IPBxxx_Port_A,Not Available
33753309,192.168.246.170,10/1/1:541,Not Available
036GYAL623029557914,192.168.246.170,10/1/1:358,100.81.18.171/32
036KECS623030682375,192.168.246.170,10/1/1:3660,Not Available
036TATA623033290335,192.168.246.170,10/1/1:3618,Not Available
039ASSI623018682174,192.168.246.170,10/1/1:731,Not Available
039BARI623017348879,192.168.246.170,10/1/1:145,10.246.130.74
039BOLO623029972323,192.168.246.170,10/1/1:3618,10.122.13.106
039BOLO623029972343,192.168.246.170,10/1/1:3618,10.122.13.107
039BOMP623029557293,192.168.246.170,10/1/1:358,100.81.18.169/32
039CALE623031579397,192.168.246.170,10/1/1:518,Not Available
039CAST623031185188,192.168.246.170,10/1/1:3618,10.122.13.132
039CATA623017349004,192.168.246.170,10/1/1:517,10.246.130.199
039CATA623029744880,192.168.246.170,10/1/1:358,100.81.18.200/32
039EMIL623033197320,192.168.246.170,10/1/1:3618,10.122.13.222
039FIUM623029780489,192.168.246.170,10/1/1:731,Not Available
039GENO623017358727,192.168.246.170,10/1/1:696,10.246.130.96
039LOMA623031317897,192.168.246.170,10/1/1:776,Not Available
039LUZZ623032581435,192.168.246.170,10/1/1:3618,10.122.13.221
039MASS623029557335,192.168.246.170,10/1/1:358,100.81.18.235/32
039MEST623017358032,192.168.246.170,10/1/1:517,10.246.131.10
039MILA623011018805,192.168.246.170,10/1/1:3618,10.122.6.201/32
039MILA623016727005,192.168.246.170,044X/SRFD/VSN/GBR-044X/SRFD/VSN/GBR IPBxxx_Port_A,"CPE1- 10.94.34.193/28, CPE2-10.94.34.209/28"
039MILA623017537756,192.168.246.170,10/1/1:3607,10.118.1.215/32
039MILA623018294675,192.168.246.170,10/1/1:375,10.80.240.158/32
039MILA623032001129,192.168.246.170,10/1/1:353,10.245.9.49
039MILA623032011312,192.168.246.170,10/1/1:353,10.245.9.44
039MILA623033445295,192.168.246.170,10/1/1:573,100.92.16.175/32
039MODE623030396165,192.168.246.170,10/1/1:3618,10.122.13.97
039MONT623029557372,192.168.246.170,10/1/1:358,100.81.18.184/32
039NOVA623031294952,192.168.246.170,10/1/1:776,Not Available
039OSNA623031573970,192.168.246.170,10/1/1:518,Not Available
039PADE623031295695,192.168.246.170,10/1/1:776,Not Available
039PARM623031573990,192.168.246.170,10/1/1:518,Not Available
039POGL623031308539,192.168.246.170,10/1/1:776,10.116.176.30/32
039POME623033096816,192.168.246.170,10/1/1:3618,Not Available
039PRAT623031144140,192.168.246.170,10/1/1:3618,10.122.13.134
039PREG623031251144,192.168.246.170,10/1/1:3618,10.122.13.76
039PUGL623031575420,192.168.246.170,10/1/1:3618,10.122.13.71
039RIVO623031144115,192.168.246.170,10/1/1:3618,10.122.13.143
039ROBB623031317923,192.168.246.170,10/1/1:776,Not Available
039ROLO623031163063,192.168.246.170,10/1/1:3618,10.122.13.102
039ROME623031012822,192.168.246.170,10/1/1:353,10.245.10.4
039ROME623031406064,192.168.246.170,10/1/1:353,10.245.9.37
039SANG623031299159,192.168.246.170,10/1/1:776,Not Available
039SANG623032584623,192.168.246.170,10/1/1:3618,Not Available
039SANG623032584649,192.168.246.170,10/1/1:3618,10.122.13.234
039SETT623030739096,192.168.246.170,10/1/1:731,Not Available
039TORI623018567285,192.168.246.170,10/1/1:517,Not Available
039TORR623032826214,192.168.246.170,10/1/1:3618,10.122.13.219
039TREV623033383841,192.168.246.170,10/1/1:358,100.81.16.83
039TREV623033383861,192.168.246.170,10/1/1:358,100.81.19.13
039VARE623031078861,192.168.246.170,10/1/1:3618,10.76.101.92/32
039VENE623033121768,192.168.246.170,10/1/1:3618,10.122.13.228
039VILL623018682206,192.168.246.170,10/1/1:731,Not Available
040BUCH623029556640,192.168.246.170,10/1/1:358,100.81.18.125/32
040CHIT623029558771,192.168.246.170,10/1/1:358,100.81.18.138/32
040DEVA623029556697,192.168.246.170,10/1/1:358,100.81.18.156/32
040DEVA623032662735,192.168.246.170,10/1/1:358,Not Available
040ILFO623033364947,192.168.246.170,10/1/1:3618,10.122.13.85
040PITE623016727390,192.168.246.170,10/1/1:520,10.94.34.24/32
040PODA623033354024,192.168.246.170,10/1/1:776,Not Available
040TIMI623009942675,192.168.246.170,10/1/1:3660,10.223.18.73
040TIMI623034260835,192.168.246.170,10/1/1:541,Not Available
041CHAV623015013142,192.168.246.170,10/1/1:387,10.122.6.202/32
041CRIS623034386193,192.168.246.170,10/1/1:731,Not Available
041DIET623018685425,192.168.246.170,10/1/1:731,Not Available
041DIET623034681658,192.168.246.170,10/1/1:3618,Not Available
041GENE623031478521,192.168.246.170,10/1/1:353,10.245.9.51
041GIVI623018685441,192.168.246.170,10/1/1:731,Not Available
041OENS623029556212,192.168.246.170,10/1/1:358,100.81.18.158/32
041OENS623030715613,192.168.246.170,10/1/1:3618,10.122.13.35
041RHAE623018685457,192.168.246.170,10/1/1:731,Not Available
041RICK623034316477,192.168.246.170,10/1/1:731,Not Available
041THUN623034362985,192.168.246.170,10/1/1:731,Not Available
041URDO623029310194,192.168.246.170,10/1/1:3618,10.122.14.74/32
041WALL623018685621,192.168.246.170,10/1/1:731,Not Available
041WINT623030322698,192.168.246.170,10/1/1:358,100.81.16.75
041ZURI623016833314,192.168.246.170,10/1/1:375,10.80.240.46/32
041ZURI623031162568,192.168.246.170,10/1/1:453,10.122.13.37
041ZURI623033446873,192.168.246.170,10/1/1:573,Not Available
043BRAU623034323719,192.168.246.170,10/1/1:541,Not Available
043GROB623032001452,192.168.246.170,10/1/1:358,100.81.16.80
043KORN623029558912,192.168.246.170,10/1/1:358,Not Available
043VIEN623012628621,192.168.246.170,10/1/1:3607,10.118.1.180/32
043VOMP623029558366,192.168.246.170,10/1/1:358,100.81.16.14
043WELS623032123425,192.168.246.170,10/1/1:3644,10.223.19.72
043WIEN623015175246,192.168.246.170,10/1/1:3618,10.122.6.73/32
044ABER623013815646,192.168.246.170,10/1/1:3618,10.122.6.21/32
044BACT623012895157,192.168.246.170,10/1/1:364,10.76.65.211/32
044BASI623013211210,192.168.246.170,10/1/1:3618,10.122.6.8/32
044BIRM623031088869,192.168.246.170,10/1/1:3618,10.122.13.96
044BOLT623011554492,192.168.246.170,10/1/1:3618,10.122.0.60/32
044BRID623013211396,192.168.246.170,10/1/1:3618,10.122.6.16/32
044BRIS623013211446,192.168.246.170,10/1/1:3618,10.122.6.20/32
044BRIS623016833159,192.168.246.170,10/1/1:119,Not Available
044BUCK623011554542,192.168.246.170,10/1/1:3618,10.122.0.62/32
044CAST623013211165,192.168.246.170,10/1/1:3618,10.122.0.110/32
044CORB623033643512,192.168.246.170,10/1/1:3607,10.118.3.147
044DUND623029290569,192.168.246.170,10/1/1:3618,10.122.6.22/32
044EAST623031452775,192.168.246.170,10/1/1:3618,10.122.3.140
044EXET623015012987,192.168.246.170,10/1/1:3618,10.122.6.170/32
044EXET623030361241,192.168.246.170,10/1/1:3607,10.118.24.30
044GLAS623033433124,192.168.246.170,10/1/1:358,Not Available
044GLAS623033750201,192.168.246.170,10/1/1:358,100.81.16.88
044GRIM623013210980,192.168.246.170,10/1/1:3618,10.122.6.42/32
044HEME623029556361,192.168.246.170,10/1/1:358,100.81.18.224/32
044HEME623033906995,192.168.246.170,10/1/1:358,100.81.16.89
044HEME623034323084,192.168.246.170,10/1/1:358,Not Available
044HEME623034367345,192.168.246.170,10/1/1:756,10.76.134.84/32
044HERT623032972477,192.168.246.170,10/1/1:375,Not Available
044HODD623013211255,192.168.246.170,10/1/1:3618,10.122.6.10/32
044HOLB623032031678,192.168.246.170,10/1/1:3607,Not Available
044HOLB623035012427,192.168.246.170,10/1/1:509,Not Available
044LIVE623014450462,192.168.246.170,10/1/1:3618,10.76.67.182/32
044LOND623015972291,192.168.246.170,10/1/1:202,Not Available
044LOND623016833204,192.168.246.170,10/1/1:375,10.80.241.197
044LOND623016833294,192.168.246.170,10/1/1:120,10.80.241.195
044LOND623018362951,192.168.246.170,10/1/1:375,10.76.80.253/32
044LOND623018534314,192.168.246.170,10/1/1:731,Not Available
044LOND623018587843,192.168.246.170,10/1/1:729,Not Available
044LOND623018661150,192.168.246.170,10/1/1:730,Not Available
044LOND623030125541,192.168.246.170,10/1/1:529,Not Available
044LOND623030851179,192.168.246.170,3/1/3:431,Not Available
044LOND623031113791,192.168.246.170,10/1/1:689,Not Available
044LOND623031202882,192.168.246.170,10/1/1:559,Not Available
044LOND623031370064,192.168.246.170,10/1/1:225,10.76.105.239/32
044LOND623031517794,192.168.246.170,10/1/1:655,Not Available
044LOND623031798995,192.168.246.170,10/1/1:526,Not Available
044LOND623031864156,192.168.246.170,10/1/1:319,Not Available
044LOND623032154691,192.168.246.170,10/1/1:621,Not Available
044LOND623033326996,192.168.246.170,10/1/1:738,Not Available
044LOND623033329982,192.168.246.170,10/1/1:693,Not Available
044LOND623033416908,192.168.246.170,10/1/1:279,10.76.81.153/32
044LOND623033444476,192.168.246.170,10/1/1:573,100.92.16.172/32
044LOND623033450310,192.168.246.170,10/1/1:788,10.76.128.181/32
044LOND623033487919,192.168.246.170,10/1/1:557,100.76.91.22
044LOND623033551777,192.168.246.170,10/1/1:622,Not Available
044LOND623033709014,192.168.246.170,10/1/1:582,Not Available
044LOND623034274100,192.168.246.170,10/1/1:784,Not Available
044LOND623034515119,192.168.246.170,10/1/1:573,Not Available
044LOUG623018724793,192.168.246.170,10/1/1:517,Not Available
044MANC623034367381,192.168.246.170,10/1/1:576,10.76.134.50/32
044MARL623012626316,192.168.246.170,10/1/1:3607,10.76.74.95/32
044NEWT623033956892,192.168.246.170,10/1/1:3618,10.122.3.138
044NORF623029522333,192.168.246.170,10/1/1:356,10.94.7.38/32
044PETE623032787903,192.168.246.170,10/1/1:517,10.246.131.9
044PRES623015016378,192.168.246.170,10/1/1:138,10.122.6.168/32
044SHAF623011257078,192.168.246.170,10/1/1:3618,10.76.67.202/32
044SOLI623030915398,192.168.246.170,10/1/1:3660,Not Available
044SOLI623033754133,192.168.246.170,10/1/1:541,Not Available
044SOME623016990957,192.168.246.170,10/1/1:121,10.76.72.254/32
044SOUT623012895057,192.168.246.170,10/1/1:356,10.76.67.207/32
044SOUT623033487899,192.168.246.170,10/1/1:557,100.76.91.23
044STRA623018115433,192.168.246.170,10/1/1:149,10.76.76.189/32
044WARR623011554617,192.168.246.170,10/1/1:3618,10.122.0.65/32
044WELL623032790197,192.168.246.170,10/1/1:3618,10.122.13.229
044WOKI623018462499,192.168.246.170,10/1/1:595,Not Available
044WOLV623032765561,192.168.246.170,10/1/1:520,10.94.36.130
045COPE623018362915,192.168.246.170,10/1/1:375,10.80.241.203
045COPE623033388808,192.168.246.170,10/1/1:358,100.81.16.82
045KOLD623031162624,192.168.246.170,10/1/1:3618,10.122.13.50
045VEJL623033336794,192.168.246.170,10/1/1:358,100.81.16.58
046GOTE623029556987,192.168.246.170,10/1/1:358,100.81.18.214/32
046GOTE623032427525,192.168.246.170,10/1/1:3618,10.122.13.249
046GOTH623030850972,192.168.246.170,10/1/1:3625,Not Available
046MALM623015009873,192.168.246.170,10/1/1:139,10.122.6.204/32
046MALM623029557035,192.168.246.170,10/1/1:358,100.81.18.222/32
046MALM623030941338,192.168.246.170,10/1/1:358,Not Available
046MALM623032794986,192.168.246.170,10/1/1:3618,10.122.13.250
046MOLN623016727055,192.168.246.170,10/1/1:520,10.94.34.4/32
046OERE623032427583,192.168.246.170,10/1/1:3618,10.122.13.225
046ROSE623030448052,192.168.246.170,10/1/1:731,Not Available
046ROSE623032795032,192.168.246.170,10/1/1:3618,Not Available
046STOC623032011418,192.168.246.170,10/1/1:353,10.245.9.54
046STOC623033446386,192.168.246.170,10/1/1:573,Not Available
046TUMB623029556169,192.168.246.170,10/1/1:358,100.81.18.225/32
047FROG623029556459,192.168.246.170,10/1/1:358,100.81.18.230/32
047JESS623032639699,192.168.246.170,10/1/1:520,10.94.34.218
047STAV623032000585,192.168.246.170,10/1/1:776,Not Available
047VALD623017625727,192.168.246.170,10/1/1:730,10.199.1.8
048BEDZ623031380140,192.168.246.170,10/1/1:3618,10.122.8.10 /32
048GADK623031702943,192.168.246.170,10/1/1:3618,Not Available
048GDAN623032852706,192.168.246.170,10/1/1:3618,10.122.3.154
048GDAN623033735228,192.168.246.170,10/1/1:358,100.81.16.86
048GLIW623033753341,192.168.246.170,10/1/1:541,Not Available
048GMIN623034545277,192.168.246.170,10/1/1:3618,Not Available
048JELE623033753398,192.168.246.170,10/1/1:541,Not Available
048KRAK623033412568,192.168.246.170,10/1/1:358,Not Available
048MIRK623030216532,192.168.246.170,10/1/1:3618,10.122.13.91
048POZN623016983882,192.168.246.170,10/1/1:166,10.122.6.253/32
048POZN623029556507,192.168.246.170,10/1/1:358,100.81.16.29
048SIED623034323982,192.168.246.170,10/1/1:541,Not Available
048SOSN623032074563,192.168.246.170,10/1/1:3618,10.122.13.156
048TYCH623034298099,192.168.246.170,10/1/1:358,100.81.16.92
048WARS623012625337,192.168.246.170,10/1/1:3607,10.118.1.190/32
048WARS623016983994,192.168.246.170,10/1/1:3618,10.122.6.225/32
048WARS623029556549,192.168.246.170,10/1/1:358,100.81.16.30
048WARS623031773336,192.168.246.170,10/1/1:353,10.245.9.30
048WARS623032817304,192.168.246.170,10/1/1:3618,10.122.13.196
048WARS623033069794,192.168.246.170,10/1/1:353,Not Available
049ALZE623031163088,192.168.246.170,10/1/1:3618,Not Available
049ASCH623017028158,192.168.246.170,10/1/1:3618,10.122.6.249/32
049ASCH623017028317,192.168.246.170,10/1/1:3618,10.122.0.252/32
049ASCH623033411742,192.168.246.170,10/1/1:3618,10.122.13.240
049AUGS623018567265,192.168.246.170,10/1/1:517,Not Available
049BALL623033700401,192.168.246.170,10/1/1:3618,10.122.13.248
049BEVE623012649134,192.168.246.170,10/1/1:3607,10.118.1.181/32
049BING623029559417,192.168.246.170,10/1/1:358,100.81.18.163/32
049BING623032662567,192.168.246.170,10/1/1:358,Not Available
049BISC623034267064,192.168.246.170,10/1/1:541,Not Available
049BISS623016701938,192.168.246.170,10/1/1:669,10.76.76.221/32
049BONN623018567225,192.168.246.170,10/1/1:722,Not Available
049BRAU623031289281,192.168.246.170,10/1/1:3607,Not Available
049COLO623031040106,192.168.246.170,10/1/1:353,10.245.9.42
049COLO623034039566,192.168.246.170,10/1/1:353,Not Available
049DUIS623029558844,192.168.246.170,10/1/1:358,100.81.18.227/32
049DUIS623031004839,192.168.246.170,10/1/1:358,Not Available
049DUSS623031040156,192.168.246.170,10/1/1:353,10.245.9.32
049ESCH623031767386,192.168.246.170,10/1/1:520,10.94.34.212
049FLEN623018685589,192.168.246.170,10/1/1:731,Not Available
049FRAN623012628724,192.168.246.170,10/1/1:211,10.118.1.182/32
049FRAN623015972309,192.168.254.39,5/1/6:351,Not Available
049FRAN623016939986,192.168.246.170,10/1/1:430,10.122.8.139/32
049FRAN623018587827,192.168.254.39,5/1/6:729,Not Available
049FRAN623018661133,192.168.246.170,10/1/1:730,Not Available
049FRAN623018685669,192.168.246.170,10/1/1:731,Not Available
049FRAN623029177948,192.168.246.170,10/1/1:388,Not Available
049FRAN623030125525,192.168.254.39,5/1/6:529,Not Available
049FRAN623030629273,192.168.254.39,5/1/8:250,Not Available
049FRAN623030913374,192.168.246.170,10/1/1:3618,Not Available
049FRAN623031517749,192.168.254.39,5/1/6:655,Not Available
049FRAN623031730583,192.168.246.170,10/1/1:526,Not Available
049FRAN623032011212,192.168.246.170,10/1/1:353,10.245.9.48
049FRAN623032109792,192.168.254.39,5/1/6:3681,Not Available
049FRAN623032154675,192.168.254.39,5/1/6:621,Not Available
049FRAN623033246532,192.168.254.39,5/1/6:108,Not Available
049FRAN623033327196,192.168.246.170,10/1/1:738,Not Available
049FRAN623033330000,192.168.246.170,10/1/1:693,Not Available
049FRAN623033416885,192.168.254.39,5/1/6:281,10.76.81.155/32
049FRAN623033445486,192.168.246.170,10/1/1:573,Not Available
049FRAN623034274084,192.168.246.170,10/1/1:784,Not Available
049FRAN623034515135,192.168.254.39,5/1/6:573,Not Available
049FRAN623034552054,192.168.246.170,10/1/1:353,10.245.10.5
049GARC623033753325,192.168.246.170,10/1/1:541,Not Available
049GEIS623018614847,192.168.246.170,10/1/1:3618,Not Available
049GEIS623032584692,192.168.246.170,10/1/1:3618,10.122.13.245
049GERE623018480344,192.168.246.170,10/1/1:650,10.223.17.64/32
049GROB623031163132,192.168.246.170,10/1/1:3618,Not Available
049GRON623029246406,192.168.246.170,10/1/1:3618,Not Available
049GUEN623029559519,192.168.246.170,10/1/1:358,100.81.18.162/32
049HAMB623015013361,192.168.246.170,10/1/1:3618,10.122.6.251/32
049HAMB623018223466,192.168.246.170,10/1/1:3607,10.118.12.2
049HAMB623029656606,192.168.246.170,10/1/1:591,Not Available
049HAMB623030851022,192.168.246.170,10/1/1:3625,Not Available
049HAMB623031981111,192.168.246.170,10/1/1:3644,Not Available
049HEUS623029382260,192.168.246.170,10/1/1:3618,10.122.13.2
049ILSF623031657338,192.168.246.170,10/1/1:358,100.81.18.231/32
049ILSF623032496908,192.168.246.170,10/1/1:358,Not Available
049INGO623033753357,192.168.246.170,10/1/1:541,Not Available
049ISEN623029264736,192.168.246.170,10/1/1:355,10.95.150.98
049KAIS623018567245,192.168.246.170,10/1/1:723,10.246.130.89
049KASS623012628744,192.168.246.170,10/1/1:3607,10.118.1.183/32
049LEDE623029559615,192.168.246.170,10/1/1:358,100.81.18.178/32
049LUDW623030142315,192.168.246.170,10/1/1:3618,10.122.13.105
049MONC623011298587,192.168.246.170,10/1/1:3660,Not Available
049MUNC623033754034,192.168.246.170,10/1/1:541,Not Available
049MUNC623033754050,192.168.246.170,10/1/1:541,Not Available
049MUNC623034191007,192.168.246.170,10/1/1:353,Not Available
049NEUW623029559663,192.168.246.170,10/1/1:358,100.81.18.233/32
049NEUW623032662599,192.168.246.170,10/1/1:358,Not Available
049NORD623012628795,192.168.246.170,10/1/1:3607,10.118.1.184/32
049NURE623029398854,192.168.246.170,10/1/1:3618,Not Available
049NURT623030007845,192.168.246.170,10/1/1:3660,10.76.90.192/32
049RHEI623029557584,192.168.246.170,10/1/1:358,100.81.19.7
049RHEI623032662535,192.168.246.170,10/1/1:358,Not Available
049ROSE623012628815,192.168.246.170,10/1/1:3607,10.118.1.185/32
049STUH623033654891,192.168.246.170,10/1/1:3618,10.122.13.242
049STUT623032985405,192.168.246.170,10/1/1:353,Not Available
049TELT623015000330,192.168.246.170,10/1/1:371,10.95.150.66
049UNTE623015159874,192.168.246.170,10/1/1:370,10.122.6.75/32
049VILS623033566397,192.168.246.170,10/1/1:106,Not Available
049VILS623033566413,192.168.246.170,10/1/1:570,Not Available
049WEIL623034831688,192.168.246.170,10/1/1:3618,Not Available
049WEIN623034049209,192.168.246.170,10/1/1:3618,10.122.13.252
049WEYH623033754206,192.168.246.170,10/1/1:541,Not Available
049WILH623016828218,192.168.246.170,10/1/1:3607,10.76.72.117/32
049WUNS623033812018,192.168.246.170,10/1/1:358,100.81.16.91
049WUST623032496987,192.168.246.170,10/1/1:358,Not Available
049WUST623034801081,192.168.246.170,10/1/1:358,Not Available
051CALL623032704472,192.168.248.78,1/1/3:523,10.116.178.139
051LIMA623031362715,192.168.248.78,1/1/3:523,10.116.178.142
052CHIH623018562718,192.168.248.78,1/1/3:440,10.81.94.69
052CHIH623032513524,192.168.248.78,1/1/3:522,10.81.94.70
052CIUD623017620160,192.168.248.78,1/1/3:403,10.199.1.135
052COAT623032048934,192.168.248.78,1/1/3:523,10.116.178.147
052CUAU623012625812,192.168.248.78,1/1/3:3644,10.118.1.134/32
052GUAD623029393511,192.168.248.78,1/1/3:525,Not Available
052LAGO623033527825,192.168.248.78,1/1/3:3652,Not Available
052LAGO623033527996,192.168.248.78,1/1/3:3652,Not Available
052MATE623033519274,192.168.248.78,1/1/3:3652,Not Available
052MEXI623012529326,192.168.248.78,1/1/3:3642,10.81.73.27/32
052MEXI623012529377,192.168.248.78,1/1/3:3642,10.81.73.55/32
052MEXI623032639648,192.168.248.78,1/1/3:519,10.94.34.230
052MONT623034327199,192.168.248.78,1/1/3:3644,10.118.3.10
052PUEB623033535605,192.168.248.78,1/1/3:3652,Not Available
052QUER623029327800,192.168.248.78,1/1/3:540,10.118.16.239/32
052QUER623030008485,192.168.248.78,1/1/3:590,10.76.94.76/32
052SANL623033505502,192.168.248.78,1/1/3:592,10.215.98.3
052SANM623033505562,192.168.248.78,1/1/3:3652,Not Available
052SANT623034961651,192.168.248.78,1/1/3:547,Not Available
052SANT623034961671,192.168.248.78,1/1/3:547,Not Available
052VALL623034266211,192.168.248.78,1/1/3:3652,Not Available
052ZAPO623012529523,192.168.248.78,1/1/3:3642,10.81.73.21/32
054BUEN623012625557,192.168.248.78,1/1/3:3644,10.118.3.4
054BUEN623016727175,192.168.248.78,1/1/3:519,10.94.34.21/32
054BUEN623029327825,192.168.248.78,1/1/3:540,10.118.16.47/32
054BUEN623029740128,192.168.248.78,1/1/3:540,Not Available
054BUEN623032011162,192.168.248.78,1/1/3:565,10.245.12.5
054COMO623031856593,192.168.248.78,1/1/3:523,10.116.180.209
054CORD623016727435,192.168.248.78,1/1/3:519,10.94.34.45 /32
054LOMA623031330225,192.168.248.78,1/1/3:301,10.116.178.134
054LUZU623016727455,192.168.248.78,1/1/3:519,10.94.34.46 /32
054NEUQ623031362771,192.168.248.78,1/1/3:523,10.116.180.203
054ZARA623031330251,192.168.248.78,1/1/3:301,10.116.176.2/32
055BARU623016727200,192.168.248.78,1/1/3:519,10.94.34.35/32
055BENE623016036635,192.168.248.78,1/1/3:3644,10.118.3.27
055COTI623012625608,192.168.248.78,1/1/3:3644,10.118.1.130/32
055DESC623029323529,192.168.248.78,1/1/3:540,Not Available
055DESC623030254364,192.168.248.78,1/1/3:3644,10.118.17.176/32
055GRAV623030113658,192.168.248.78,1/1/3:581,Not Available
055GUAR623015750026,192.168.248.78,1/1/3:581,10.76.41.82/32
055JACA623031291451,192.168.248.78,1/1/3:523,10.116.178.143
055NITE623033165646,192.168.248.78,1/1/3:523,10.116.180.214
055PIRA623012262923,192.168.248.78,1/1/3:3642,10.223.17.74/32
055RIOD623031266017,192.168.248.78,1/1/3:523,10.116.178.141
055RIOD623031308603,192.168.248.78,1/1/3:580,10.245.12.4
055SAOB623015016324,192.168.248.78,1/1/3:525,10.76.72.82/32
055SAOP623012435997,192.168.248.78,1/1/3:3644,10.118.1.6/32
055SAOP623012625659,192.168.248.78,1/1/3:3644,10.118.1.131/32
055SAOP623015016268,192.168.248.78,1/1/3:525,10.122.6.234/32
055SAOP623017498500,192.168.248.78,1/1/3:108,100.64.80.110/32
055SAOP623032011368,192.168.248.78,1/1/3:565,10.245.12.6
055SAOP623032851790,192.168.248.78,1/1/3:523,10.116.178.145
055SUZA623032851765,192.168.248.78,1/1/3:523,10.116.178.144
055VITO623031289086,192.168.248.78,1/1/3:523,10.116.178.135
055VITO623033278229,192.168.248.78,1/1/3:523,10.116.178.136
056BUIN623029327775,192.168.248.78,1/1/3:540,10.118.16.79/32
056BUIN623029740107,192.168.248.78,1/1/3:540,Not Available
056SANT623012625710,192.168.248.78,1/1/3:3644,10.118.1.132/32
056SANT623016727225,192.168.248.78,1/1/3:519,10.94.34.23/32
056SANT623033770325,192.168.248.78,1/1/3:3644,10.118.3.7
057BOGO623012625761,192.168.248.78,1/1/3:3644,10.76.68.59/32
057BOGO623033775201,192.168.248.78,1/1/3:565,Not Available
057COTA623031330273,192.168.248.78,1/1/3:523,10.116.178.138
057DURA623029339034,192.168.248.78,1/1/3:540,10.118.16.207/32
057NEIV623031375935,192.168.248.78,1/1/3:523,10.116.180.222
058CARA623012625879,192.168.248.78,1/1/3:3644,10.76.68.60/32
058LAVI623012625926,192.168.248.78,1/1/3:3644,10.118.1.137/32
058MARA623031348205,192.168.248.78,1/1/3:523,10.116.178.140
060BUTT623031857326,192.168.250.16,1/1/10:577,10.116.179.25
060IPOH623033753373,192.168.250.16,1/1/10:243,10.215.98.164
060JOHO623013307923,192.168.250.16,1/1/10:106,10.76.68.61/32
060KLAN623017897493,192.168.250.16,1/1/10:213,10.76.94.128/32
060KUAL623015704709,192.168.250.16,1/1/10:3612,10.76.64.128/32
060KUAL623015759884,192.168.250.16,1/1/10:3612,10.76.64.129/32
060KUAL623015760186,192.168.250.16,1/1/10:3612,10.76.64.130/32
060KUAL623029332632,192.168.250.16,1/1/10:185,10.76.85.211/32
060KUAL623029631023,192.168.250.16,1/1/10:208,10.245.9.150
060KUAL623033140202,192.168.250.16,1/1/10:403,10.76.124.163/32
060KULI623033753414,192.168.250.16,1/1/10:262,Not Available
060SELA623017640579,192.168.250.16,1/1/10:161,10.245.4.75/32
060SELA623017640629,192.168.250.16,1/1/10:167,10.245.9.143
060SELA623017640679,192.168.250.16,1/1/10:166,10.245.4.75/32
060SHAH623018601470,192.168.250.16,1/1/10:189,10.76.86.131/32
060SHAH623031868508,192.168.250.16,1/1/10:577,10.116.179.13
061ADEL623015018201,192.168.194.46,1/1/9:100,10.122.6.185/32
061BELR623018538672,192.168.194.46,1/1/9:183,Not Available
061BELR623029375727,192.168.194.46,1/1/9:102,10.122.14.86/32
061BELR623030413788,192.168.194.46,1/1/9:101,Not Available
061BRIS623015018251,192.168.250.16,1/1/10:115,10.122.6.187/32
061BRIS623015968475,192.168.194.46,1/1/9:131,100.64.80.87/32
061BRIS623016727270,192.168.250.16,1/1/10:168,10.94.34.27/32
061DEEW623012710785,192.168.250.16,1/1/10:170,10.76.68.66/32
061GAPR623032626323,192.168.250.16,1/1/10:106,10.116.179.136
061HOBA623017348070,192.168.250.16,1/1/10:154,10.246.130.225
061LARA623031938786,192.168.194.46,1/1/9:134,Not Available
061MELB623015968500,192.168.194.46,1/1/9:130,100.64.80.86/32
061NOTT623031673488,192.168.194.46,1/1/9:134,Not Available
061PERT623015018351,192.168.194.46,1/1/9:179,10.122.6.191/32
061SYDN623015018401,192.168.250.16,1/1/10:110,10.122.6.193/32
061SYDN623015018451,192.168.194.46,1/1/9:187,10.122.6.195/32
061SYDN623016035364,192.168.194.46,1/1/9:132,100.64.80.68 /32
061SYDN623016035380,192.168.194.46,1/1/9:131,100.64.80.66/32
061SYDN623016727290,192.168.250.16,1/1/10:238,10.94.34.31/32
061SYDN623018436519,192.168.250.16,1/1/10:180,10.118.1.166/32
061SYDN623018712406,192.168.194.50,10/1/12:165,10.118.1.209/32
061SYDN623033234176,192.168.250.16,1/1/10:3607,10.245.9.142
061SYDN623033444339,192.168.250.16,1/1/10:172,100.92.16.163/32
061SYDN623033703889,192.168.246.170,10/1/1:335,Not Available
061SYDN623033980401,192.168.250.16,1/1/10:3611,10.76.128.242/32
061VICT623031243426,192.168.194.46,1/1/9:103,Not Available
061WELS623032546004,192.168.250.16,1/1/10:257,Not Available
061WILL623029388446,192.168.250.16,1/1/10:223,10.122.14.87/32
062BAND623030259984,192.168.250.16,1/1/10:221,10.76.95.185/32
062BATA623017358702,192.168.248.78,1/1/3:120,Not Available
062BOJO623031619451,192.168.250.16,1/1/10:577,10.116.180.156
062CIKA623032636484,192.168.250.16,1/1/10:577,10.116.179.16
062CILE623031363076,192.168.250.16,1/1/10:577,10.116.179.24
062JAKA623017358452,192.168.250.16,1/1/10:138,10.246.130.122
062JAKA623017897473,192.168.250.16,1/1/10:214,10.76.94.137/32
062JAKA623018601519,192.168.250.16,1/1/10:175,10.118.1.152/32
062JAKA623029910207,192.168.250.16,1/1/10:196,Not Available
062JAKA623030187367,192.168.250.16,1/1/10:219,10.76.94.138/32
062JAKA623030377685,192.168.250.16,1/1/10:227,10.245.9.158
062JAKA623031363132,192.168.250.16,1/1/10:577,10.116.179.22
062MEDA623032637269,192.168.250.16,1/1/10:577,10.116.179.15
062SURA623030260024,192.168.250.16,1/1/10:220,10.76.95.184/32
062SURA623032760990,192.168.250.16,1/1/10:577,10.116.179.26
062TANG623031363188,192.168.250.16,1/1/10:248,10.116.176.31/32
063LAGU623012818644,192.168.250.16,1/1/10:3609,10.121.129.27/32
063MANI623030171425,192.168.250.16,1/1/10:209,10.76.94.127/32
063MANI623030587612,192.168.246.170,10/1/1:190,10.245.4.157/32
063MUNT623018475557,192.168.194.50,10/1/12:182,10.245.4.104/32
063PASA623017167651,192.168.250.16,1/1/10:121,Not Available
063PASI623018601550,192.168.250.16,1/1/10:181,10.118.1.154/32
064EAST623029215044,192.168.246.170,10/1/1:189,Not Available
064NORT623017348854,192.168.250.16,1/1/10:163,10.246.130.218
065JURO623031844941,192.168.250.16,1/1/10:577,10.116.179.9
065SING623012435946,192.168.250.16,1/1/10:114,Not Available
065SING623012894867,192.168.250.16,1/1/10:111,10.94.7.26/32
065SING623016726836,192.168.250.16,1/1/10:159,10.94.34.41 /32
065SING623017897421,192.168.250.16,1/1/10:137,10.76.77.144/32
065SING623017897437,192.168.250.16,1/1/10:127,100.81.18.42/32
065SING623029352054,192.168.250.16,1/1/10:183,Not Available
065SING623029486168,192.168.250.16,1/1/10:187,Not Available
065SING623029656590,192.168.250.16,1/1/10:183,Not Available
065SING623030031383,192.168.250.16,9/2/5:574,Not Available
065SING623030501280,192.168.250.16,1/1/10:225,10.245.4.151/32
065SING623030727813,192.168.250.16,9/2/5:99,Not Available
065SING623030811065,192.168.250.16,1/1/10:233,10.245.9.163
065SING623030851097,192.168.246.170,10/1/1:198,10.76.104.131/32
065SING623030851163,192.168.201.36,3/2/15:573,Not Available
065SING623030971637,192.168.250.16,1/1/10:3607,10.245.4.243/32
065SING623031163112,192.168.246.170,10/1/1:209,Not Available
065SING623031730535,192.168.250.16,1/1/10:207,Not Available
065SING623031794559,192.168.250.16,9/2/5:575,Not Available
065SING623031794575,192.168.201.36,3/2/15:575,Not Available
065SING623032088063,192.168.201.36,3/2/15:99,Not Available
065SING623032100413,192.168.250.16,1/1/10:250,Not Available
065SING623032109808,192.168.201.36,GigabitEthernet4/1/4.577,Not Available
065SING623032662695,192.168.250.16,1/1/10:230,10.76.96.42/32
065SING623033327212,192.168.250.16,1/1/10:123,Not Available
065SING623033330016,192.168.250.16,1/1/10:126,Not Available
065SING623033444642,192.168.248.78,1/1/3:128,100.92.16.162/32
065SING623033551793,192.168.250.16,1/1/10:130,Not Available
065SING623033709030,192.168.250.16,1/1/10:202,Not Available
065SING623033800982,192.168.250.16,1/1/10:141,10.76.129.177/32
065SING623034040537,192.168.250.16,1/1/10:3607,10.245.9.172
065SING623034313761,192.168.250.16,1/1/10:261,10.76.23.45/32
065SING623034515151,192.168.250.16,1/1/10:172,10.76.130.13/32
065SING623034847558,192.168.250.16,1/1/10:184,Not Available
066BANG623012737088,192.168.250.16,1/1/10:3633,10.223.17.96
066BANG623015481272,192.168.250.16,1/1/10:116,10.72.153.135/32
066BANG623018601494,192.168.250.16,1/1/10:177,10.118.1.155/32
066BANG623029323561,192.168.250.16,1/1/10:201,10.118.18.47/32
066BANG623029651256,192.168.194.50,10/1/12:193,100.81.18.145/32
066BANG623031413497,192.168.246.170,10/1/1:201,10.116.176.18/32
066BANG623034064279,192.168.250.16,1/1/10:3607,10.245.9.131
066CHAT623017167495,192.168.250.16,1/1/10:118,10.76.75.85/32
066CHON623031363244,192.168.250.16,1/1/10:577,Not Available
066CHON623034266195,192.168.250.16,1/1/10:113,Not Available
066PHAN623013198218,192.168.248.78,1/1/3:3609,Not Available
066RAYO623034260787,192.168.250.16,1/1/10:113,Not Available
066RAYO623034720068,192.168.250.16,1/1/10:128,Not Available
066SAMU623029327850,192.168.250.16,1/1/10:102,10.76.89.100/32
066SAMU623029327875,192.168.250.16,1/1/10:194,10.118.25.13
081CHIY623033437728,192.168.194.50,10/1/12:172,100.92.16.161/32
081HIRO623017624055,192.168.250.16,1/1/10:176,100.81.18.49/32
081HIRO623032662715,192.168.250.16,1/1/10:211,10.76.114.175/32
081HOKK623017635671,192.168.194.50,10/1/12:183,100.81.18.51/32
081HOKK623032662655,192.168.250.16,1/1/10:169,10.76.112.167/32
081IBAR623012628367,192.168.250.16,1/1/10:3619,10.118.1.159/32
081ICHI623017624080,192.168.250.16,1/1/10:162,100.81.18.53/32
081KANS623017912431,192.168.194.50,10/1/12:228,100.81.18.236/32
081KANS623017912456,192.168.194.50,10/1/12:229,100.81.18.237/32
081KAWA623029653643,192.168.194.50,10/1/12:199,100.81.18.154/32
081KOBE623017358207,192.168.250.16,1/1/10:158,10.246.130.114
081KOTO623017897325,192.168.194.50,10/1/12:203,100.81.18.166/32
081KOTO623017897350,192.168.194.50,10/1/12:204,100.81.18.167/32
081NAHA623030322586,192.168.194.50,10/1/12:206,100.81.18.186/32
081NAKA623017897275,192.168.250.16,1/1/10:150,100.81.18.65 /32
081NAKA623033488573,192.168.250.16,1/1/10:211,100.81.28.87
081NARI623032826821,192.168.250.16,1/1/10:3607,10.245.9.151
081OSAK623016729243,192.168.250.16,1/1/10:124,10.76.76.207/32
081OSAK623034344655,192.168.246.170,10/1/1:353,Not Available
081SAIT623013864765,192.168.250.16,1/1/10:120,10.223.17.103/32
081SAIT623017624259,192.168.250.16,1/1/10:155,100.81.19.221/32
081SAIT623017624294,192.168.250.16,1/1/10:171,100.81.18.72/32
081SHIZ623031239160,192.168.250.16,1/1/10:577,10.116.179.8
081SHIZ623031239185,192.168.250.16,1/1/10:577,10.116.180.130
081TAKA623017624184,192.168.194.50,10/1/12:215,100.81.18.83/32
081TAKA623032662675,192.168.250.16,1/1/10:211,10.76.114.174/32
081TOKY623029308885,192.168.250.16,1/1/10:200,10.245.9.155
081TOKY623032662001,192.168.250.16,1/1/10:3619,Not Available
081TOKY623033816476,192.168.250.16,1/1/10:3618,10.72.141.124/32
081TOSU623017624134,192.168.250.16,1/1/10:157,100.81.18.85
081TOSU623032662635,192.168.250.16,1/1/10:149,10.76.112.164/32
081TOYA623031239235,192.168.250.16,1/1/10:577,10.116.179.7
081YOKO623014993162,192.168.246.170,10/1/1:387,Not Available
081YOKO623015750058,192.168.194.50,10/1/12:3621,10.72.146.235/32
081YOKO623031730315,192.168.250.16,1/1/10:258,10.76.110.53/32
081ZAMA623012733109,192.168.250.16,1/1/10:112,10.121.129.15/32
082BUSA623017437721,192.168.250.16,1/1/10:134,Not Available
082BUSA623031947106,192.168.250.16,1/1/10:255,10.246.130.236
082CHAN623017358827,192.168.250.16,1/1/10:173,10.246.131.3
082DAEG623031865347,192.168.250.16,1/1/10:577,10.116.180.143
082GYEO623017358852,192.168.250.16,1/1/10:136,10.246.130.196
082GYEO623017358877,192.168.250.16,1/1/10:146,10.246.130.198
082INCH623017349342,192.168.250.16,1/1/10:152,10.76.80.16/32
082POHA623032790010,192.168.250.16,1/1/10:577,10.116.179.17
082POHA623032790035,192.168.250.16,1/1/10:577,10.116.179.18
082SEOU623016563721,192.168.250.16,1/1/10:100,10.76.71.93/32
082SEOU623016728980,192.168.250.16,1/1/10:108,10.76.77.16/32
082SEOU623017349387,192.168.250.16,1/1/10:151,10.76.80.14/32
082SEOU623018198131,192.168.250.16,1/1/10:148,10.246.130.197
082SEOU623030122384,192.168.254.39,5/1/6:123,10.245.4.132/32
082SEOU623030248450,192.168.246.170,10/1/1:117,Not Available
082SEOU623031859526,192.168.250.16,1/1/10:577,10.116.179.12
082SEOU623032132847,192.168.250.16,1/1/10:255,10.246.130.220
082ULSA623017437671,192.168.250.16,1/1/10:188,10.246.130.254
082ULSA623032165837,192.168.250.16,1/1/10:147,10.246.130.244
082YEON623017358902,192.168.250.16,1/1/10:135,Not Available
084BARI623017348045,192.168.246.170,10/1/1:157,Not Available
084BINH623031916182,192.168.250.16,1/1/10:577,10.116.180.155
084HOCH623012290688,192.168.250.16,1/1/10:120,10.76.36.54/32
084HOCH623015933753,192.168.250.16,1/1/10:120,10.72.133.84/32
084HOCH623015933778,192.168.250.16,1/1/10:120,10.76.61.63/32
084HOCH623018015948,192.168.250.16,1/1/10:178,10.245.9.145
084HOCH623029863453,192.168.250.16,1/1/10:116,10.245.4.126/32
084HOCH623030388930,192.168.250.16,1/1/10:3607,10.245.9.171
084HOCH623030487396,192.168.250.16,1/1/10:232,10.118.3.118
084SAIG623030348307,192.168.194.50,10/1/12:224,10.245.9.218/32
086ANSH623034263462,192.168.250.16,1/1/10:128,10.76.137.117/32
086BEIJ623015758568,192.168.250.16,1/1/10:102,Not Available
086BEIJ623032242532,192.168.250.16,1/1/10:231,10.76.119.183/32
086CHAN623032211273,192.168.250.16,1/1/10:231,10.76.115.245/32
086CHAO623012288956,192.168.250.16,1/1/10:3616,10.76.39.146/32
086CHEN623016033597,192.168.194.50,10/1/12:3618,100.64.80.81/32
086CHUZ623029323134,192.168.194.50,10/1/12:212,Not Available
086DONG623032462534,192.168.250.16,1/1/10:231,Not Available
086GUAN623012628255,192.168.250.16,1/1/10:185,10.118.1.157/32
086GUAN623016740480,192.168.250.16,1/1/10:112,10.76.74.127/32
086GUAN623032468301,192.168.250.16,1/1/10:231,10.76.115.241/32
086HONG623015601525,192.168.194.50,10/1/12:102,Not Available
086HONG623029486152,192.168.250.16,1/1/10:186,Not Available
086HONG623033327228,192.168.250.16,1/1/10:123,Not Available
086HONG623033330032,192.168.250.16,1/1/10:126,Not Available
086HONG623033810482,192.168.250.16,1/1/10:172,100.92.5.136/32
086HONG623034367361,192.168.250.16,1/1/10:211,10.249.1.18
086HUIZ623032463154,192.168.250.16,1/1/10:231,10.76.114.108/32
086JIAN623032339454,192.168.250.16,1/1/10:231,Not Available
086LANG623034263483,192.168.250.16,1/1/10:128,10.76.137.129/32
086LIAN623033785664,192.168.250.16,1/1/10:164,10.76.126.202/32
086NANT623031865066,192.168.250.16,1/1/10:3619,Not Available
086SHAN623016727130,192.168.250.16,1/1/10:3605,10.76.86.220/32
086SHAN623017307488,192.168.250.16,1/1/10:109,10.95.150.100
086SHAN623029425189,192.168.250.16,1/1/10:190,Not Available
086SHAN623031280261,192.168.194.50,10/1/12:236,10.118.25.19
086SHAN623032214488,192.168.250.16,1/1/10:231,10.70.211.147/32
086SHAN623032288134,192.168.250.16,1/1/10:231,Not Available
086SHAN623032436344,192.168.250.16,1/1/10:231,Not Available
086SHAN623032662357,192.168.250.16,1/1/10:231,10.76.116.27/32
086SHAN623034453458,192.168.250.16,1/1/10:210,Not Available
086SHAN623034492059,192.168.250.16,1/1/10:577,Not Available
086SHAN623034961555,192.168.250.16,1/1/10:650,Not Available
086SHAN623034961571,192.168.250.16,1/1/10:650,Not Available
086SHEN623017919740,192.168.250.16,1/1/10:140,100.81.18.88/32
086SHEN623032449634,192.168.250.16,1/1/10:231,10.76.117.15/32
086SHEN623034261987,192.168.250.16,1/1/10:128,10.76.137.112/32
086SHEN623034262012,192.168.250.16,1/1/10:128,10.76.137.113/32
086SUZH623017146868,192.168.250.16,1/1/10:107,10.76.71.127/32
086TIAN623032260161,192.168.250.16,1/1/10:259,10.76.115.48/32
086XIAO623034262037,192.168.250.16,1/1/10:128,10.76.137.116/32
086ZHEN623032253456,192.168.250.16,1/1/10:231,10.76.114.110/32
086ZHEN623032281855,192.168.250.16,1/1/10:231,Not Available
090ANKA623029556254,192.168.246.170,10/1/1:183,100.81.18.177/32
090BALI623032460328,192.168.246.170,10/1/1:776,Not Available
090BALI623032460353,192.168.246.170,10/1/1:776,Not Available
090GAZI623034548320,192.168.246.170,10/1/1:776,Not Available
090ISTA623012625441,192.168.246.170,10/1/1:3607,10.118.1.193/32
090IZMI623029556296,192.168.246.170,10/1/1:181,100.81.18.165/32
090IZMI623032662583,192.168.246.170,10/1/1:358,Not Available
090KOCA623031330192,192.168.246.170,10/1/1:776,Not Available
090ORDU623031341878,192.168.246.170,10/1/1:144,10.76.106.67/32
090SEKE623032497067,192.168.246.170,10/1/1:358,10.76.113.106/32
092KARA623012641067,192.168.228.109,1/2/11:3557,10.76.46.64/32
092KARA623015167257,192.168.246.170,10/1/1:389,Not Available
092KARA623031279524,192.168.250.16,1/1/10:246,Not Available
092KARA623031279549,192.168.250.16,1/1/10:247,Not Available
092LAHO623031348130,192.168.250.16,1/1/10:577,10.116.176.37/32
095YANG623034409027,192.168.250.16,1/1/10:218,10.76.51.208/32
212CASA623016860677,192.168.246.170,10/1/1:133,10.76.79.117/32
212CASA623017481314,192.168.246.170,10/1/1:164,10.246.130.224
212CASA623018720428,192.168.246.170,10/1/1:294,Not Available
212CASA623032735391,192.168.246.170,10/1/1:776,Not Available
212TETO623014993112,192.168.246.170,10/1/1:357,10.95.150.68
213ALGI623030951380,192.168.246.170,10/1/1:352,10.245.9.38
213ALGI623033310993,192.168.246.170,10/1/1:353,Not Available
213ORAN623031162597,192.168.246.170,10/1/1:353,10.245.9.55
216BIRE623018587058,192.168.246.170,10/1/1:522,10.81.94.140/32
216SOUS623033506081,192.168.246.170,10/1/1:570,10.76.36.31/32
216SOUS623033506237,192.168.246.170,10/1/1:360,Not Available
216TUNI623034358922,192.168.246.170,10/1/1:353,10.245.9.13
230PORT623034367211,192.168.194.177,5/1/2:110,Not Available
233TEMA623017348120,192.168.246.170,10/1/1:675,10.76.77.106/32
234LAGO623012918199,192.168.246.170,10/1/1:3607,10.118.1.201/32
234LAGO623017128691,192.168.250.16,1/1/10:120,10.76.75.202/32
234PORT623017348365,192.168.246.170,10/1/1:153,10.246.130.85
244LUAN623016620956,192.168.250.16,1/1/10:144,10.76.79.195/32
244LUAN623017358307,192.168.246.170,10/1/1:163,10.246.130.149
244TALA623034072695,192.168.246.170,10/1/1:582,Not Available
244TALA623034072720,192.168.246.170,10/1/1:582,10.76.136.215/32
251ADDI623031068467,192.168.252.229,2/1/1:115,Not Available
253DJIB623030912775,192.168.246.170,10/1/1:353,10.245.9.36
253DJIB623033436540,192.168.246.170,10/1/1:353,Not Available
254NAIR623017801989,192.168.246.170,10/1/1:154,10.245.9.11
255DARE623018475582,192.168.246.170,10/1/1:353,10.245.9.12
261ANDA623013649941,192.168.246.170,10/1/1:3607,10.76.61.100/32
261ANTA623013649864,192.168.246.170,10/1/1:3607,10.76.54.127/32
261ANTA623013649889,192.168.246.170,10/1/1:3607,10.76.54.128/32
261ANTA623013649966,192.168.246.170,10/1/1:3607,10.76.69.144/32
261BENA623013649992,192.168.246.170,10/1/1:3607,10.76.61.96/32
261SAMB623013649916,192.168.246.170,10/1/1:216,10.118.1.204/32
264WIND623030691799,192.168.246.170,10/1/1:3531,10.245.9.25
298TRSH623017348145,192.168.246.170,10/1/1:517,10.246.130.171
351AVEL623018310976,192.168.246.170,10/1/1:3618,10.122.13.84
351CANE623032455552,192.168.246.170,10/1/1:358,100.81.16.35
351LISB623016392330,192.168.246.170,10/1/1:3618,10.122.6.240/32
351LISB623029744828,192.168.246.170,10/1/1:358,100.81.18.194/32
351MAIA623030048180,192.168.246.170,10/1/1:3618,10.122.8.6/32
351PORT623018186831,192.168.246.170,10/1/1:674,10.76.77.99/32
353DUBL623018345866,192.168.246.170,10/1/1:375,10.80.240.206/32
353DUBL623030319069,192.168.246.170,10/1/1:3618,10.122.13.92
353DUBL623031012922,192.168.246.170,10/1/1:353,10.245.9.31
353NAAS623031216361,192.168.246.170,10/1/1:574,Not Available
354HAFN623017358427,192.168.246.170,10/1/1:680,10.246.130.70
356TAXB623032184336,192.168.246.170,10/1/1:557,100.76.91.13
357LIMA623017481439,192.168.246.170,10/1/1:517,Not Available
358ESPO623034961587,192.168.246.170,10/1/1:587,Not Available
358ESPO623034961603,192.168.246.170,10/1/1:587,Not Available
358VANT623029559337,192.168.246.170,10/1/1:358,100.81.18.191/32
359BURG623018685525,192.168.246.170,10/1/1:731,Not Available
359PLEV623018685541,192.168.246.170,10/1/1:731,Not Available
359PLOV623018685557,192.168.246.170,10/1/1:731,Not Available
359SHUM623018685409,192.168.246.170,10/1/1:731,Not Available
359SHUM623018685573,192.168.246.170,10/1/1:731,Not Available
359SOFI623018569309,192.168.246.170,10/1/1:522,Not Available
359SOFI623018685505,192.168.246.170,10/1/1:731,Not Available
359SOFI623029559140,192.168.246.170,10/1/1:358,100.81.16.64
359SOFI623029559188,192.168.246.170,10/1/1:358,100.81.16.24
359SOFI623032063089,192.168.246.170,10/1/1:353,10.245.9.57
359VARN623018716080,192.168.246.170,10/1/1:731,Not Available
370KAUN623017481339,192.168.246.170,10/1/1:143,10.246.130.43
370KLAI623018349706,192.168.246.170,10/1/1:517,10.246.130.217
370KLAI623018685827,192.168.246.170,10/1/1:731,Not Available
370SIAU623035168129,192.168.246.170,10/1/1:731,Not Available
370VIEV623029558558,192.168.246.170,10/1/1:358,100.81.18.132/32
370VIEV623032662551,192.168.246.170,10/1/1:358,Not Available
370VILN623031650506,192.168.246.170,10/1/1:3618,Not Available
370VILN623033567490,192.168.246.170,10/1/1:731,Not Available
370VILN623033740018,192.168.246.170,10/1/1:731,Not Available
371KEKA623029558504,192.168.246.170,10/1/1:358,100.81.18.131/32
371KEKA623033645257,192.168.246.170,10/1/1:358,100.81.16.90
371PURV623033391309,192.168.246.170,10/1/1:358,100.81.16.85
371RIGA623017348979,192.168.246.170,10/1/1:677,10.246.130.72
371RIGA623029557420,192.168.246.170,10/1/1:358,Not Available
372JUER623029558414,192.168.246.170,10/1/1:358,100.81.18.129/32
372LAAG623029559288,192.168.246.170,10/1/1:358,100.81.18.143/32
374YERE623030692564,192.168.246.170,10/1/1:352,10.245.9.23
375MINS623031216502,192.168.246.170,10/1/1:574,10.116.176.16/32
380KIEV623012625461,192.168.246.170,10/1/1:3607,10.118.1.194/32
380KIEV623031240280,192.168.246.170,10/1/1:375,10.80.241.201
381CELA623033310832,192.168.246.170,10/1/1:731,Not Available
381LEST623029558654,192.168.246.170,10/1/1:358,100.81.18.134/32
382PODG623018716105,192.168.246.170,10/1/1:731,Not Available
385KOPR623018716130,192.168.246.170,10/1/1:731,Not Available
385ZAGR623029558750,192.168.246.170,10/1/1:358,100.81.18.137/32
387BANJ623034854540,192.168.246.170,10/1/1:732,Not Available
387SARA623018716030,192.168.246.170,10/1/1:731,Not Available
387SARA623018716055,192.168.246.170,10/1/1:731,Not Available
4132309975,192.168.254.39,5/1/6:3641,10.223.17.65/32
420CESK623015000899,192.168.246.170,10/1/1:374,10.122.6.71/32
420KLAD623033806593,192.168.246.170,10/1/1:358,Not Available
420PRAG623013005163,192.168.246.170,10/1/1:403,10.122.0.86/32
420PRAG623016101251,192.168.246.170,10/1/1:357,100.64.80.98/32
421BRAT623017358477,192.168.246.170,10/1/1:517,10.246.130.55
421CELJ623015749465,192.168.246.170,10/1/1:3618,10.122.6.181/32
421NAME623018609899,192.168.246.170,10/1/1:522,10.81.94.142
421TREN623034293909,192.168.246.170,10/1/1:3618,10.122.13.247
421TRNA623029558702,192.168.246.170,10/1/1:358,100.81.16.20
4.4002E+14,192.168.246.170,10/1/1:3654,10.72.146.197/32
4.4002E+13,192.168.246.170,10/1/1:3663,10.72.94.115/32
502GUAT623031362634,192.168.248.78,1/1/3:301,10.116.178.132
505MASA623033551017,192.168.248.78,1/1/3:592,Not Available
506CANA623029340439,192.168.248.78,1/1/3:540,10.118.26.19
5232319770,192.168.248.78,1/1/3:3638,Not Available
5532309968,192.168.248.78,1/1/3:3638,Not Available
5532309973,192.168.248.78,1/1/3:553,Not Available
593GUAY623029323159,192.168.248.78,1/1/3:540,10.118.16.175/32
593PASA623029323184,192.168.248.78,1/1/3:540,10.118.16.15/32
673KUAL623018038720,192.168.250.16,1/1/10:153,10.246.130.92
680KORO623018223551,192.168.248.78,1/1/3:110,10.76.80.202/32
852FOTA623031443060,192.168.250.16,1/1/10:239,Not Available
852HONG623016398600,192.168.250.16,1/1/10:273,10.76.40.44/32
852HONG623016398616,192.168.250.16,1/1/10:273,10.76.30.210/32
852HONG623029648937,192.168.250.16,1/1/10:192,10.245.4.129/32
852HONG623030691646,192.168.194.50,10/1/12:234,10.245.9.226
852HONG623030696385,192.168.194.50,10/1/12:235,10.245.9.225
852HONG623032099239,192.168.250.16,1/1/10:104,Not Available
852HONG623034515167,192.168.194.50,10/1/12:172,10.76.130.12/32
852HONG623034847542,192.168.250.16,1/1/10:184,Not Available
852KWUN623033447127,192.168.250.16,1/1/10:172,100.92.16.165/32
852NORT623017912406,192.168.250.16,1/1/10:139,100.81.18.68/32
856SAVA623012733270,192.168.250.16,1/1/10:106,10.121.129.34/32
856SAVA623015547875,192.168.250.16,1/1/10:106,10.76.18.30/32
8632310102,192.168.194.185,01/01/09,Not Available
880DHAK623032000421,192.168.201.148,ge-0/0/0.134,10.76.108.104/32
886TAIP623012628514,192.168.250.16,1/1/10:3639,10.118.1.158/32
886TAIP623017257564,192.168.250.16,1/1/10:131,10.76.77.121/32
886TAIP623017257595,192.168.250.16,1/1/10:132,10.76.77.122/32
886TAIP623031240388,192.168.250.16,1/1/10:242,10.245.9.167
886TAIP623034685938,192.168.250.16,1/1/10:3607,10.245.9.134
961BEIR623015039858,192.168.250.16,1/1/10:106,10.76.58.93/32
961BEIR623018212059,192.168.246.170,10/1/1:165,10.245.9.3
961BEIR623029863428,192.168.246.170,10/1/1:187,10.245.9.16
961BEIR623030278975,192.168.246.170,10/1/1:194,10.245.9.18
962AMMA623015162591,192.168.246.170,10/1/1:361,10.245.4.32/23
965KUWA623015039838,192.168.252.229,2/1/1:112,10.76.58.92/32
965KUWA623017429576,192.168.250.16,1/1/10:122,10.76.76.49/32
965KUWA623018614154,192.168.246.170,10/1/1:287,10.246.130.182
965KUWA623018614234,192.168.246.170,10/1/1:168,10.94.2.25/32
965KUWA623030377742,192.168.250.16,1/1/10:3607,Not Available
966ABHA623016050046,192.168.252.229,2/1/1:118,10.76.61.136/32
966ALKH623018614194,192.168.246.170,10/1/1:289,10.246.130.190
966ALKH623033710597,192.168.246.170,10/1/1:544,10.76.127.181/32
966ALKH623033710622,192.168.246.170,10/1/1:582,10.76.128.48/32
966DAMM623029207009,192.168.246.170,10/1/1:3660,10.245.4.106/32
966DAMM623029207034,192.168.246.170,10/1/1:173,10.245.4.107/32
966JEDD623016103221,192.168.252.229,2/1/1:187,10.72.135.92/32
966JEDD623018614214,192.168.246.170,10/1/1:290,10.246.130.201
966JEDD623018733879,192.168.246.170,10/1/1:296,10.121.129.103
966MEDI623016048726,192.168.252.229,2/1/1:129,10.76.29.166/32
966QASI623016053425,192.168.252.229,2/1/1:129,10.76.8.186/32
966RIYA623016049759,192.168.252.229,2/1/1:131,10.72.146.246/32
966RIYA623031348155,192.168.246.170,10/1/1:776,Not Available
966RIYA623031348180,192.168.246.170,10/1/1:776,Not Available
966RIYA623033775522,192.168.252.229,2/1/1:110,10.76.125.79/32
966YANB623031924025,192.168.246.170,10/1/1:776,Not Available
968MUSC623015162616,192.168.246.170,10/1/1:266,10.76.69.159/32
968MUSC623018614174,192.168.246.170,10/1/1:193,10.246.131.0
971ABUD623017349029,192.168.252.229,2/1/1:100,10.76.78.158/32
971ABUD623018610016,192.168.246.170,10/1/1:217,10.246.131.25
971ABUD623031424688,192.168.252.229,2/1/1:240,10.76.105.174/32
971ABUD623031729418,192.168.246.170,10/1/1:776,Not Available
971ABUD623031729443,192.168.246.170,10/1/1:776,Not Available
971DUBA623012628550,192.168.246.170,10/1/1:3607,10.118.1.195/32
971DUBA623012628570,192.168.246.170,10/1/1:3607,10.118.1.196/32
971DUBA623014966127,192.168.246.170,10/1/1:125,5.32.10.90/ 32
971DUBA623015039814,192.168.252.229,2/1/1:118,10.76.58.241/32
971DUBA623015753288,192.168.250.16,1/1/10:106,10.76.69.167/32
971DUBA623015756284,192.168.252.229,2/1/1:117,10.76.60.156/32
971DUBA623016727150,192.168.250.16,1/1/10:117,10.94.34.36 /32
971DUBA623017358327,192.168.246.170,10/1/1:162,Not Available
971DUBA623018610039,192.168.246.170,10/1/1:297,10.246.131.11
971DUBA623029188907,192.168.246.170,10/1/1:180,10.122.13.9
971DUBA623031105521,192.168.254.39,5/1/6:571,Not Available
971DUBA623031105546,192.168.254.39,5/1/6:573,10.245.9.92
971DUBA623031105571,192.168.246.170,10/1/1:208,10.245.9.22
971DUBA623031105629,192.168.246.170,10/1/1:197,10.245.9.21
971DUBA623031105681,192.168.246.170,10/1/1:203,10.245.9.25
971DUBA623031105701,192.168.246.170,10/1/1:205,Not Available
971DUBA623031424668,192.168.252.229,2/1/1:240,10.76.105.173/32
971DUBA623031474932,192.168.250.16,1/1/10:245,Not Available
971DUBA623031729484,192.168.246.170,10/1/1:776,Not Available
971DUBA623032184361,192.168.201.148,ge-0/0/0.115,Not Available
971DUBA623032798471,192.168.201.148,GigabitEthernet0/0/0.207,10.76.119.187/32
971DUBA623032798496,192.168.201.147,GigabitEthernet0/0/0.207,10.72.155.207/32
971DUBA623033248928,192.168.252.229,2/1/1:104,10.76.118.237/32
971DUBA623033446281,192.168.246.170,10/1/1:573,100.92.16.182/32
971DUBA623033710778,192.168.246.170,10/1/1:582,10.76.129.228/32
971FUJA623017358352,192.168.246.170,10/1/1:161,10.246.130.207
971FUJA623030582550,192.168.252.229,2/1/1:435,Not Available
971RASA623032000405,192.168.252.229,2/1/1:101,10.76.110.189/32
972ISRA623033259461,192.168.246.170,10/1/1:598,Not Available
972JERU623018517537,192.168.246.170,10/1/1:174,10.245.4.127/32
972TELA623030377848,192.168.246.170,10/1/1:691,10.245.4.159/32
972TELA623031223644,192.168.246.170,10/1/1:353,10.245.9.35
973MAHO623018648064,192.168.246.170,10/1/1:204,10.246.130.248
973MANA623031283428,192.168.246.170,10/1/1:574,Not Available
974DOHA623015775101,192.168.250.16,1/1/10:105,10.76.69.169/32
974DOHA623016729087,192.168.246.170,10/1/1:152,10.76.77.30/32
974DOHA623017349054,192.168.246.170,10/1/1:517,10.246.130.233
994BAKU623031001813,192.168.246.170,10/1/1:517,10.246.130.120
RIPL623032009719,192.168.246.170,10/1/1:215,10.76.112.204/32
STON623033754174,192.168.246.170,10/1/1:541,Not Available
623031817093,192.168.201.147,ge-0/0/0.117,10.76.108.27/32
091BANG623031817173,192.168.201.147,ge-0/0/0.104,10.76.108.148/32
091BANG623032110504,192.168.201.147,ge-0/0/0.125,10.76.112.212/32
091BANG623032113855,192.168.201.147,ge-0/0/0.130,10.76.113.210/32
091BANG623032723434,192.168.201.147,ge-0/0/0.128,10.76.113.225/32
091BANG623032723547,192.168.201.147,ge-0/0/0.143,10.76.117.67/32
091BANG623032723567,192.168.201.147,ge-0/0/0.137,10.76.116.31/32
091CHEN623029495625,192.168.235.98,GigabitEthernet0/3.208,10.76.108.5/32
091CHEN623030135732,192.168.235.98,4/2/5:127,Not Available
091CHEN623031516256,192.168.235.98,4/2/5:267,Not Available
091CHEN623031516288,192.168.235.98,4/2/5:269,Not Available
091CHEN623031516304,192.168.235.98,4/2/5:270,Not Available
091CHEN623031516320,192.168.235.98,4/2/5:271,Not Available
091CHEN623031516336,192.168.201.147,ge-0/0/0.126,10.76.109.220/32
091CHEN623031516352,192.168.235.98,4/2/5:272,Not Available
091CHEN623031788013,192.168.201.147,ge-0/0/0.120,Not Available
091CHEN623031788029,192.168.201.147,ge-0/0/0.119,10.76.109.216/32
091CHEN623031788045,192.168.235.98,4/2/5:262,10.76.109.236/32
091CHEN623031788061,192.168.235.98,4/2/5:263,Not Available
091CHEN623031788078,192.168.235.98,4/2/5:264,Not Available
091CHEN623031788098,192.168.235.98,4/2/5:265,Not Available
091CHEN623031788114,192.168.235.98,4/2/5:266,Not Available
091CHEN623031788132,192.168.201.147,ge-0/0/0.123,10.76.109.235/32
091CHEN623031881829,192.168.201.147,ge-0/0/0.122,10.76.110.219/32
091CHEN623032211692,192.168.235.98,4/2/5:253,Not Available
091CUDD623031953021,192.168.235.103,lag-3:1503.2225,10.116.176.150/32
091GURG623017019068,192.168.192.163,lag-3:1007.115,10.245.4.56/32
091MUMB623010879128,192.168.228.109,GigabitEthernet0/3.100,10.76.25.206/32
091MUMB623016727250,192.168.228.109,lag-1:1022.130,10.76.85.85/32
091MUMB623030135700,192.168.228.116,4/1/4.130,Not Available
091MUMB623030643842,172.19.139.194,ge-0/0/0.116,10.85.224.17/32
091MUMB623031516160,192.168.228.116,4/1/4.269,Not Available
091MUMB623031516176,192.168.228.116,4/1/4.270,Not Available
091MUMB623031516192,192.168.228.116,4/1/4/.271,Not Available
091MUMB623031575338,172.19.139.194,ge-0/0/0.171,10.85.224.7/32
091MUMB623031575388,172.19.139.194,ge-0/0/0.104,10.85.224.7/32
091MUMB623031787917,192.168.228.116,4/1/4.262,10.76.103.93/32
091MUMB623031787933,192.168.228.116,4/1/4.263,Not Available
091MUMB623031787949,192.168.228.116,4/1/4.264,Not Available
091MUMB623031787965,192.168.228.116,4/1/4.265,Not Available
091MUMB623031787981,192.168.228.116,4/1/4.266,Not Available
091MUMB623032211676,192.168.228.116,4/1/4:253,Not Available
091ROHA623032973093,192.168.201.6,lag-3:1201.141,10.72.149.15/32
091AHME623030650764,172.19.139.194,ge-0/0/0.112,10.85.224.14/32